{"0":{"x":[500,1000,1500,2000,2500,3000,3500,4000,4500,5000,5500,6000,6500,7000,7500,8000,8500,9000,9500,10000,10500,11000,11500,12000,12500,13000,13500,14000,14500,15000,15500,16000,16500,17000,17500,18000,18500,19000,19500,20000,20500,21000,21500,22000,22500,23000,23500,24000,24500,25000,25500,26000,26500,27000,27500,28000,28500,29000,29500,30000,30500,31000,31500,32000,32500,33000,33500,34000,34500,35000,35500,36000,36500,37000,37500,38000,38500,39000,39500,40000,40500,41000,41500,42000,42500,43000,43500,44000,44500,45000,45500,46000,46500,47000,47500,48000,48500,49000,49500,50000,50500,51000,51500,52000,52500,53000,53500,54000,54500,55000,55500,56000,56500,57000,57500,58000,58500,59000,59500,60000,60500,61000,61500,62000,62500,63000,63500,64000,64500,65000,65500,66000,66500,67000,67500,68000,68500,69000,69500,70000,70500,71000,71500,72000,72500,73000,73500,74000,74500,75000,75500,76000,76500,77000,77500,78000,78500,79000,79500,80000,80500,81000,81500,82000,82500,83000,83500,84000,84500,85000,85500,86000,86500,87000,87500,88000,88500,89000,89500,90000,90500,91000,91500,92000,92500,93000,93500,94000,94500,95000,95500,96000,96500,97000,97500,98000,98500,99000,99500,100000],"y":[0.297976762821,0.447215544872,0.583633814103,0.655548878205,0.713141025641,0.746694711538,0.765825320513,0.777944711538,0.805188301282,0.819310897436,0.817107371795,0.828826121795,0.846654647436,0.85016025641,0.845653044872,0.863080929487,0.862479967949,0.870993589744,0.874198717949,0.877003205128,0.878004807692,0.883513621795,0.881109775641,0.891025641026,0.886017628205,0.891526442308,0.901241987179,0.890124198718,0.905649038462,0.910657051282,0.893529647436,0.90625,0.898537660256,0.900340544872,0.900841346154,0.899138621795,0.904747596154,0.899539262821,0.902944711538,0.905649038462,0.912259615385,0.904547275641,0.90374599359,0.90625,0.912560096154,0.901342147436,0.907351762821,0.911258012821,0.908253205128,0.918269230769,0.907852564103,0.90765224359,0.918068910256,0.910556891026,0.919170673077,0.923577724359,0.914563301282,0.911758814103,0.907852564103,0.912459935897,0.909855769231,0.917768429487,0.918169070513,0.917367788462,0.910356570513,0.918569711538,0.911959134615,0.919571314103,0.921173878205,0.912760416667,0.922375801282,0.921875,0.925681089744,0.921274038462,0.923978365385,0.925280448718,0.92437900641,0.919971955128,0.920072115385,0.922776442308,0.925480769231,0.921073717949,0.928385416667,0.923878205128,0.92578125,0.925981570513,0.927584134615,0.923177083333,0.912860576923,0.922776442308,0.925180288462,0.927884615385,0.927483974359,0.927784455128,0.924779647436,0.926282051282,0.926181891026,0.930288461538,0.932491987179,0.927984775641,0.930288461538,0.916065705128,0.920773237179,0.925080128205,0.926081730769,0.925881410256,0.919771634615,0.932992788462,0.924879807692,0.924979967949,0.922976762821,0.922175480769,0.935296474359,0.921574519231,0.928485576923,0.928685897436,0.91937099359,0.92437900641,0.924879807692,0.928385416667,0.925681089744,0.929887820513,0.917267628205,0.926582532051,0.932792467949,0.932391826923,0.927483974359,0.919971955128,0.925580929487,0.919270833333,0.921073717949,0.920973557692,0.926081730769,0.929587339744,0.923677884615,0.929387019231,0.925981570513,0.926282051282,0.930388621795,0.933794070513,0.923076923077,0.923177083333,0.93108974359,0.929987980769,0.927784455128,0.935096153846,0.930288461538,0.92828525641,0.93890224359,0.934895833333,0.925981570513,0.933193108974,0.929887820513,0.931590544872,0.929487179487,0.921774839744,0.932291666667,0.922175480769,0.927383814103,0.928986378205,0.931390224359,0.931790865385,0.931189903846,0.931290064103,0.934194711538,0.931590544872,0.932091346154,0.930689102564,0.935897435897,0.935496794872,0.927383814103,0.932692307692,0.937800480769,0.931790865385,0.933193108974,0.936298076923,0.929587339744,0.937199519231,0.934194711538,0.934695512821,0.927584134615,0.938100961538,0.935596955128,0.930989583333,0.931991185897,0.937099358974,0.933293269231,0.930989583333,0.936498397436,0.929286858974,0.928786057692,0.932491987179,0.936498397436,0.935396634615,0.93219150641,0.936598557692,0.939202724359,0.934595352564,0.933894230769,0.935496794872]},"1":{"x":[500,1000,1500,2000,2500,3000,3500,4000,4500,5000,5500,6000,6500,7000,7500,8000,8500,9000,9500,10000,10500,11000,11500,12000,12500,13000,13500,14000,14500,15000,15500,16000,16500,17000,17500,18000,18500,19000,19500,20000,20500,21000,21500,22000,22500,23000,23500,24000,24500,25000,25500,26000,26500,27000,27500,28000,28500,29000,29500,30000,30500,31000,31500,32000,32500,33000,33500,34000,34500,35000,35500,36000,36500,37000,37500,38000,38500,39000,39500,40000,40500,41000,41500,42000,42500,43000,43500,44000,44500,45000,45500,46000,46500,47000,47500,48000,48500,49000,49500,50000,50500,51000,51500,52000,52500,53000,53500,54000,54500,55000,55500,56000,56500,57000,57500,58000,58500,59000,59500,60000,60500,61000,61500,62000,62500,63000,63500,64000,64500,65000,65500,66000,66500,67000,67500,68000,68500,69000,69500,70000,70500,71000,71500,72000,72500,73000,73500,74000,74500,75000,75500,76000,76500,77000,77500,78000,78500,79000,79500,80000,80500,81000,81500,82000,82500,83000,83500,84000,84500,85000,85500,86000,86500,87000,87500,88000,88500,89000,89500,90000,90500,91000,91500,92000,92500,93000,93500,94000,94500,95000,95500,96000,96500,97000,97500,98000,98500,99000,99500,100000],