{"0":{"x":[500,1000,1500,2000,2500,3000,3500,4000,4500,5000,5500,6000,6500,7000,7500,8000,8500,9000,9500,10000,10500,11000,11500,12000,12500,13000,13500,14000,14500,15000,15500,16000,16500,17000,17500,18000,18500,19000,19500,20000,20500,21000,21500,22000,22500,23000,23500,24000,24500,25000,25500,26000,26500,27000,27500,28000,28500,29000,29500,30000,30500,31000,31500,32000,32500,33000,33500,34000,34500,35000,35500,36000,36500,37000,37500,38000,38500,39000,39500,40000,40500,41000,41500,42000,42500,43000,43500,44000,44500,45000,45500,46000,46500,47000,47500,48000,48500,49000,49500,50000,50500,51000,51500,52000,52500,53000,53500,54000,54500,55000,55500,56000,56500,57000,57500,58000,58500,59000,59500,60000,60500,61000,61500,62000,62500,63000,63500,64000,64500,65000,65500,66000,66500,67000,67500,68000,68500,69000,69500,70000,70500,71000,71500,72000,72500,73000,73500,74000,74500,75000,75500,76000,76500,77000,77500,78000,78500,79000,79500,80000,80500,81000,81500,82000,82500,83000,83500,84000,84500,85000,85500,86000,86500,87000,87500,88000,88500,89000,89500,90000,90500,91000,91500,92000,92500,93000,93500,94000,94500,95000,95500,96000,96500,97000,97500,98000,98500,99000,99500,100000],"y":[0.21734775641,0.284354967949,0.358774038462,0.398637820513,0.416967147436,0.453225160256,0.471554487179,0.488982371795,0.496193910256,0.502604166667,0.518329326923,0.548177083333,0.553685897436,0.560296474359,0.563701923077,0.564903846154,0.591947115385,0.591746794872,0.62249599359,0.605368589744,0.622996794872,0.607672275641,0.608974358974,0.61468349359,0.602363782051,0.626101762821,0.621694711538,0.595753205128,0.612379807692,0.610176282051,0.613982371795,0.605969551282,0.617988782051,0.609875801282,0.613181089744,0.599459134615,0.642528044872,0.630608974359,0.640224358974,0.642628205128,0.638521634615,0.631209935897,0.649138621795,0.665064102564,0.654747596154,0.676081730769,0.666967147436,0.672475961538,0.689302884615,0.676181891026,0.675981570513,0.680588942308,0.680889423077,0.705128205128,0.700821314103,0.697516025641,0.699118589744,0.679987980769,0.685797275641,0.674979967949,0.669671474359,0.698617788462,0.682792467949,0.687900641026,0.684595352564,0.688000801282,0.680488782051,0.690905448718,0.681891025641,0.68499599359,0.711037660256,0.702924679487,0.680088141026,0.704827724359,0.697916666667,0.694411057692,0.708233173077,0.687099358974,0.710536858974,0.730769230769,0.70062099359,0.683293269231,0.698217147436,0.719751602564,0.706830929487,0.707131410256,0.708333333333,0.705128205128,0.702123397436,0.712039262821,0.723858173077,0.705028044872,0.697115384615,0.701021634615,0.702123397436,0.717748397436,0.709034455128,0.712139423077,0.709234775641,0.702323717949,0.719951923077,0.709735576923,0.710436698718,0.716446314103,0.713241185897,0.717247596154,0.71624599359,0.719451121795,0.718850160256,0.718950320513,0.718950320513,0.704226762821,0.711638621795,0.709334935897,0.699919871795,0.705829326923,0.711137820513,0.716446314103,0.730568910256,0.717948717949,0.716646634615,0.725661057692,0.707632211538,0.716446314103,0.716045673077,0.721854967949,0.710837339744,0.708533653846,0.701121794872,0.7109375,0.721053685897,0.72796474359,0.714643429487,0.710637019231,0.721153846154,0.713341346154,0.727163461538,0.739883814103,0.711037660256,0.729567307692,0.732071314103,0.731971153846,0.736478365385,0.738782051282,0.744591346154,0.728665865385,0.70172275641,0.719150641026,0.718649839744,0.717047275641,0.715044070513,0.730368589744,0.727664262821,0.730969551282,0.719651442308,0.733673878205,0.723357371795,0.720452724359,0.725961538462,0.729467147436,0.732672275641,0.726662660256,0.718349358974,0.723657852564,0.721554487179,0.723257211538,0.72265625,0.716446314103,0.722455929487,0.718249198718,0.72265625,0.7265625,0.729567307692,0.727664262821,0.727864583333,0.725961538462,0.704226762821,0.730168269231,0.740284455128,0.722455929487,0.737980769231,0.731270032051,0.719250801282,0.728766025641,0.737780448718,0.733072916667,0.738080929487,0.735276442308,0.718649839744,0.717648237179,0.730669070513,0.721754807692,0.728064903846,0.740584935897,0.730769230769,0.740484775641,0.739983974359,0.719951923077,0.731770833333,0.720452724359]},"1":{"x":[500,1000,1500,2000,2500,3000,3500,4000,4500,5000,5500,6000,6500,7000,7500,8000,8500,9000,9500,10000,10500,11000,11500,12000,12500,13000,13500,14000,14500,15000,15500,16000,16500,17000,17500,18000,18500,19000,19500,20000,20500,21000,21500,22000,22500,23000,23500,24000,24500,25000,25500,26000,26500,27000,27500,28000,28500,29000,29500,30000,30500,31000,31500,32000,32500,33000,33500,34000,34500,35000,35500,36000,36500,37000,37500,38000,38500,39000,39500,40000,40500,41000,41500,42000,42500,43000,43500,44000,44500,45000,45500,46000,46500,47000,47500,48000,48500,49000,49500,50000,50500,51000,51500,52000,52500,53000,53500,54000,54500,55000,55500,56000,56500,57000,57500,58000,58500,59000,59500,60000,60500,61000,61500,62000,62500,63000,63500,64000,64500,65000,65500,66000,66500,67000,67500,68000,68500,69000,69500,70000,70500,71000,71500,72000,72500,73000,73500,74000,74500,75000,75500,76000,76500,77000,77500,78000,78500,79000,79500,80000,80500,81000,81500,82000,82500,83000,83500,84000,84500,85000,85500,86000,86500,87000,87500,88000,88500,89000,89500,90000,90500,91000,91500,92000,92500,93000,93500,94000,94500,95000,95500,96000,96500,97000,97500,98000,98500,99000,99500,100000],