{"0":{"x":[500,1000,1500,2000,2500,3000,3500,4000,4500,5000,5500,6000,6500,7000,7500,8000,8500,9000,9500,10000,10500,11000,11500,12000,12500,13000,13500,14000,14500,15000,15500,16000,16500,17000,17500,18000,18500,19000,19500,20000,20500,21000,21500,22000,22500,23000,23500,24000,24500,25000,25500,26000,26500,27000,27500,28000,28500,29000,29500,30000,30500,31000,31500,32000,32500,33000,33500,34000,34500,35000,35500,36000,36500,37000,37500,38000,38500,39000,39500,40000,40500,41000,41500,42000,42500,43000,43500,44000,44500,45000,45500,46000,46500,47000,47500,48000,48500,49000,49500,50000,50500,51000,51500,52000,52500,53000,53500,54000,54500,55000,55500,56000,56500,57000,57500,58000,58500,59000,59500,60000,60500,61000,61500,62000,62500,63000,63500,64000,64500,65000,65500,66000,66500,67000,67500,68000,68500,69000,69500,70000,70500,71000,71500,72000,72500,73000,73500,74000,74500,75000,75500,76000,76500,77000,77500,78000,78500,79000,79500,80000,80500,81000,81500,82000,82500,83000,83500,84000,84500,85000,85500,86000,86500,87000,87500,88000,88500,89000,89500,90000,90500,91000,91500,92000,92500,93000,93500,94000,94500,95000,95500,96000,96500,97000,97500,98000,98500,99000,99500,100000],"y":[0.230368589744,0.327724358974,0.391726762821,0.531149839744,0.590144230769,0.693609775641,0.692207532051,0.734074519231,0.754907852564,0.780348557692,0.784455128205,0.778245192308,0.805288461538,0.838942307692,0.844250801282,0.856670673077,0.844951923077,0.869090544872,0.875600961538,0.882311698718,0.87890625,0.879206730769,0.885216346154,0.866286057692,0.888521634615,0.89593349359,0.892427884615,0.889022435897,0.894130608974,0.87359775641,0.90094150641,0.906450320513,0.907752403846,0.903946314103,0.913060897436,0.911458333333,0.889423076923,0.908453525641,0.892828525641,0.905348557692,0.909054487179,0.911658653846,0.907151442308,0.907552083333,0.913862179487,0.914763621795,0.915765224359,0.919270833333,0.914463141026,0.922876602564,0.917067307692,0.904747596154,0.913261217949,0.914463141026,0.909455128205,0.91937099359,0.931290064103,0.930889423077,0.926682692308,0.922075320513,0.922976762821,0.930989583333,0.924178685897,0.926883012821,0.928385416667,0.926983173077,0.925580929487,0.931189903846,0.924078525641,0.920873397436,0.933794070513,0.920773237179,0.928385416667,0.928786057692,0.921975160256,0.927083333333,0.928084935897,0.923978365385,0.922175480769,0.937099358974,0.928485576923,0.909555288462,0.932592147436,0.929487179487,0.934795673077,0.931891025641,0.936398237179,0.931590544872,0.926782852564,0.937600160256,0.932291666667,0.940404647436,0.939403044872,0.941706730769,0.933894230769,0.937700320513,0.917167467949,0.938601762821,0.936598557692,0.943309294872,0.94140625,0.942107371795,0.926482371795,0.926181891026,0.931590544872,0.938100961538,0.941205929487,0.939503205128,0.938501602564,0.931991185897,0.927083333333,0.945813301282,0.932091346154,0.931189903846,0.936798878205,0.936398237179,0.931390224359,0.939803685897,0.918369391026,0.928385416667,0.932291666667,0.941606570513,0.925280448718,0.939503205128,0.936298076923,0.935797275641,0.934795673077,0.943209134615,0.943209134615,0.939703525641,0.945012019231,0.945813301282,0.942007211538,0.944811698718,0.93890224359,0.946113782051,0.938201121795,0.930488782051,0.937199519231,0.946414262821,0.951021634615,0.943609775641,0.946514423077,0.94391025641,0.945512820513,0.943209134615,0.935797275641,0.943108974359,0.942908653846,0.939002403846,0.944511217949,0.942508012821,0.948116987179,0.946314102564,0.935296474359,0.933994391026,0.933092948718,0.918870192308,0.93219150641,0.948717948718,0.941907051282,0.932792467949,0.939202724359,0.942407852564,0.944110576923,0.945813301282,0.943509615385,0.942708333333,0.943509615385,0.9453125,0.951622596154,0.942207532051,0.942508012821,0.950721153846,0.949619391026,0.949118589744,0.954727564103,0.950120192308,0.944911858974,0.949318910256,0.942508012821,0.928986378205,0.945612980769,0.945112179487,0.947415865385,0.943309294872,0.948617788462,0.945913461538,0.94671474359,0.945112179487,0.947415865385,0.952323717949,0.944811698718,0.946915064103,0.947916666667,0.951322115385,0.935396634615,0.943709935897,0.922475961538,0.940805288462]},"1":{"x":[500,1000,1500,2000,2500,3000,3500,4000,4500,5000,5500,6000,6500,7000,7500,8000,8500,9000,9500,10000,10500,11000,11500,12000,12500,13000,13500,14000,14500,15000,15500,16000,16500,17000,17500,18000,18500,19000,19500,20000,20500,21000,21500,22000,22500,23000,23500,24000,24500,25000,25500,26000,26500,27000,27500,28000,28500,29000,29500,30000,30500,31000,31500,32000,32500,33000,33500,34000,34500,35000,35500,36000,36500,37000,37500,38000,38500,39000,39500,40000,40500,41000,41500,42000,42500,43000,43500,44000,44500,45000,45500,46000,46500,47000,47500,48000,48500,49000,49500,50000,50500,51000,51500,52000,52500,53000,53500,54000,54500,55000,55500,56000,56500,57000,57500,58000,58500,59000,59500,60000,60500,61000,61500,62000,62500,63000,63500,64000,64500,65000,65500,66000,66500,67000,67500,68000,68500,69000,69500,70000,70500,71000,71500,72000,72500,73000,73500,74000,74500,75000,75500,76000,76500,77000,77500,78000,78500,79000,79500,80000,80500,81000,81500,82000,82500,83000,83500,84000,84500,85000,85500,86000,86500,87000,87500,88000,88500,89000,89500,90000,90500,91000,91500,92000,92500,93000,93500,94000,94500,95000,95500,96000,96500,97000,97500,98000,98500,99000,99500,100000],