{"0":{"x":[500,1000,1500,2000,2500,3000,3500,4000,4500,5000,5500,6000,6500,7000,7500,8000,8500,9000,9500,10000,10500,11000,11500,12000,12500,13000,13500,14000,14500,15000,15500,16000,16500,17000,17500,18000,18500,19000,19500,20000,20500,21000,21500,22000,22500,23000,23500,24000,24500,25000,25500,26000,26500,27000,27500,28000,28500,29000,29500,30000,30500,31000,31500,32000,32500,33000,33500,34000,34500,35000,35500,36000,36500,37000,37500,38000,38500,39000,39500,40000,40500,41000,41500,42000,42500,43000,43500,44000,44500,45000,45500,46000,46500,47000,47500,48000,48500,49000,49500,50000,50500,51000,51500,52000,52500,53000,53500,54000,54500,55000,55500,56000,56500,57000,57500,58000,58500,59000,59500,60000,60500,61000,61500,62000,62500,63000,63500,64000,64500,65000,65500,66000,66500,67000,67500,68000,68500,69000,69500,70000,70500,71000,71500,72000,72500,73000,73500,74000,74500,75000,75500,76000,76500,77000,77500,78000,78500,79000,79500,80000,80500,81000,81500,82000,82500,83000,83500,84000,84500,85000,85500,86000,86500,87000,87500,88000,88500,89000,89500,90000,90500,91000,91500,92000,92500,93000,93500,94000,94500,95000,95500,96000,96500,97000,97500,98000,98500,99000,99500,100000],"y":[0.272135416667,0.309395032051,0.330428685897,0.376101762821,0.41155849359,0.425480769231,0.448116987179,0.453125,0.506810897436,0.503405448718,0.484274839744,0.55328525641,0.547375801282,0.581129807692,0.593249198718,0.604166666667,0.652043269231,0.634715544872,0.663762019231,0.683794070513,0.692608173077,0.728665865385,0.732171474359,0.746394230769,0.776141826923,0.786358173077,0.804186698718,0.819010416667,0.836939102564,0.85016025641,0.849459134615,0.859575320513,0.872295673077,0.861678685897,0.873998397436,0.878505608974,0.879006410256,0.883713942308,0.884815705128,0.883413461538,0.885817307692,0.879507211538,0.888421474359,0.888221153846,0.899238782051,0.896334134615,0.904947916667,0.898036858974,0.892528044872,0.900741185897,0.899439102564,0.899338942308,0.89703525641,0.893930288462,0.901141826923,0.908453525641,0.907351762821,0.912459935897,0.910256410256,0.910256410256,0.900240384615,0.914563301282,0.910056089744,0.912560096154,0.910857371795,0.912159455128,0.900540865385,0.912359775641,0.910356570513,0.909955929487,0.909855769231,0.909054487179,0.919170673077,0.920272435897,0.919571314103,0.914162660256,0.910056089744,0.921975160256,0.925080128205,0.918770032051,0.918970352564,0.913762019231,0.920272435897,0.922676282051,0.92437900641,0.912259615385,0.922375801282,0.913361378205,0.918169070513,0.923677884615,0.921173878205,0.921073717949,0.922976762821,0.919771634615,0.920773237179,0.924779647436,0.923878205128,0.927083333333,0.923778044872,0.927984775641,0.926782852564,0.920572916667,0.919871794872,0.927283653846,0.916466346154,0.924779647436,0.926482371795,0.93219150641,0.930488782051,0.929587339744,0.921274038462,0.927383814103,0.92047275641,0.923677884615,0.92578125,0.930388621795,0.928185096154,0.930088141026,0.932692307692,0.923778044872,0.932291666667,0.922776442308,0.930689102564,0.936698717949,0.935997596154,0.932391826923,0.931189903846,0.933393429487,0.937600160256,0.933693910256,0.934395032051,0.935596955128,0.925480769231,0.932091346154,0.932992788462,0.933493589744,0.926382211538,0.930388621795,0.932892628205,0.930588942308,0.93219150641,0.931490384615,0.935496794872,0.934094551282,0.932291666667,0.933994391026,0.938201121795,0.931590544872,0.933493589744,0.933794070513,0.933693910256,0.937900641026,0.933092948718,0.930288461538,0.93499599359,0.933994391026,0.936298076923,0.939803685897,0.925280448718,0.935296474359,0.935096153846,0.938201121795,0.937299679487,0.939703525641,0.933894230769,0.93359375,0.935697115385,0.940204326923,0.939302884615,0.945012019231,0.942307692308,0.940504807692,0.940404647436,0.942007211538,0.940905448718,0.937199519231,0.925480769231,0.940304487179,0.943709935897,0.942908653846,0.937700320513,0.944110576923,0.938401442308,0.944711538462,0.940504807692,0.94671474359,0.943509615385,0.939202724359,0.942608173077,0.940805288462,0.944611378205,0.941205929487,0.937199519231,0.939903846154,0.942908653846,0.940805288462,0.939002403846,0.937700320513,0.935697115385,0.939403044872]},"1":{"x":[500,1000,1500,2000,2500,3000,3500,4000,4500,5000,5500,6000,6500,7000,7500,8000,8500,9000,9500,10000,10500,11000,11500,12000,12500,13000,13500,14000,14500,15000,15500,16000,16500,17000,17500,18000,18500,19000,19500,20000,20500,21000,21500,22000,22500,23000,23500,24000,24500,25000,25500,26000,26500,27000,27500,28000,28500,29000,29500,30000,30500,31000,31500,32000,32500,33000,33500,34000,34500,35000,35500,36000,36500,37000,37500,38000,38500,39000,39500,40000,40500,41000,41500,42000,42500,43000,43500,44000,44500,45000,45500,46000,46500,47000,47500,48000,48500,49000,49500,50000,50500,51000,51500,52000,52500,53000,53500,54000,54500,55000,55500,56000,56500,57000,57500,58000,58500,59000,59500,60000,60500,61000,61500,62000,62500,63000,63500,64000,64500,65000,65500,66000,66500,67000,67500,68000,68500,69000,69500,70000,70500,71000,71500,72000,72500,73000,73500,74000,74500,75000,75500,76000,76500,77000,77500,78000,78500,79000,79500,80000,80500,81000,81500,82000,82500,83000,83500,84000,84500,85000,85500,86000,86500,87000,87500,88000,88500,89000,89500,90000,90500,91000,91500,92000,92500,93000,93500,94000,94500,95000,95500,96000,96500,97000,97500,98000,98500,99000,99500,100000],