{"0":{"x":[500,1000,1500,2000,2500,3000,3500,4000,4500,5000,5500,6000,6500,7000,7500,8000,8500,9000,9500,10000,10500,11000,11500,12000,12500,13000,13500,14000,14500,15000,15500,16000,16500,17000,17500,18000,18500,19000,19500,20000,20500,21000,21500,22000,22500,23000,23500,24000,24500,25000,25500,26000,26500,27000,27500,28000,28500,29000,29500,30000,30500,31000,31500,32000,32500,33000,33500,34000,34500,35000,35500,36000,36500,37000,37500,38000,38500,39000,39500,40000,40500,41000,41500,42000,42500,43000,43500,44000,44500,45000,45500,46000,46500,47000,47500,48000,48500,49000,49500,50000,50500,51000,51500,52000,52500,53000,53500,54000,54500,55000,55500,56000,56500,57000,57500,58000,58500,59000,59500,60000,60500,61000,61500,62000,62500,63000,63500,64000,64500,65000,65500,66000,66500,67000,67500,68000,68500,69000,69500,70000,70500,71000,71500,72000,72500,73000,73500,74000,74500,75000,75500,76000,76500,77000,77500,78000,78500,79000,79500,80000,80500,81000,81500,82000,82500,83000,83500,84000,84500,85000,85500,86000,86500,87000,87500,88000,88500,89000,89500,90000,90500,91000,91500,92000,92500,93000,93500,94000,94500,95000,95500,96000,96500,97000,97500,98000,98500,99000,99500,100000],"y":[0.22516025641,0.263721955128,0.31640625,0.362479967949,0.401241987179,0.441506410256,0.426282051282,0.46624599359,0.476362179487,0.486478365385,0.516426282051,0.512820512821,0.549979967949,0.53125,0.536358173077,0.511518429487,0.52984775641,0.547175480769,0.559695512821,0.553385416667,0.556590544872,0.544671474359,0.54296875,0.53125,0.534555288462,0.521935096154,0.523637820513,0.492588141026,0.460136217949,0.461037660256,0.465945512821,0.466546474359,0.462439903846,0.485376602564,0.479867788462,0.477463942308,0.494991987179,0.500100160256,0.497996794872,0.488982371795,0.490084134615,0.503305288462,0.499599358974,0.494190705128,0.506310096154,0.500300480769,0.509114583333,0.519831730769,0.534054487179,0.521834935897,0.530548878205,0.520332532051,0.526141826923,0.545072115385,0.519431089744,0.539463141026,0.528145032051,0.531049679487,0.540665064103,0.553084935897,0.547976762821,0.548076923077,0.544270833333,0.542668269231,0.558693910256,0.553585737179,0.542167467949,0.553986378205,0.549879807692,0.548076923077,0.556590544872,0.55999599359,0.548878205128,0.560596955128,0.561197916667,0.561798878205,0.574819711538,0.561899038462,0.565104166667,0.566907051282,0.561899038462,0.556189903846,0.571314102564,0.561197916667,0.56780849359,0.569010416667,0.565404647436,0.584635416667,0.564503205128,0.568209134615,0.564002403846,0.570913461538,0.558493589744,0.577624198718,0.565504807692,0.578024839744,0.572616185897,0.577924679487,0.583032852564,0.570913461538,0.571614583333,0.572616185897,0.566606570513,0.573417467949,0.567107371795,0.58453525641,0.585236378205,0.586037660256,0.581029647436,0.575320512821,0.575120192308,0.553685897436,0.582832532051,0.579326923077,0.577023237179,0.579326923077,0.580428685897,0.585236378205,0.577624198718,0.59515224359,0.582932692308,0.58062900641,0.579927884615,0.599258814103,0.586939102564,0.587139423077,0.581931089744,0.574619391026,0.579326923077,0.584134615385,0.589142628205,0.58733974359,0.584234775641,0.589042467949,0.590444711538,0.592047275641,0.581630608974,0.594651442308,0.582532051282,0.586838942308,0.594851762821,0.599459134615,0.580028044872,0.599459134615,0.587540064103,0.603866185897,0.59375,0.600560897436,0.596754807692,0.601362179487,0.600260416667,0.589643429487,0.591746794872,0.604166666667,0.596053685897,0.60016025641,0.605268429487,0.589743589744,0.595953525641,0.605669070513,0.590544871795,0.594751602564,0.600661057692,0.596754807692,0.600460737179,0.598858173077,0.595853365385,0.606470352564,0.596454326923,0.606069711538,0.60296474359,0.605568910256,0.606270032051,0.594851762821,0.594350961538,0.597255608974,0.599158653846,0.610677083333,0.600360576923,0.592948717949,0.599559294872,0.604567307692,0.602463942308,0.597255608974,0.602363782051,0.608273237179,0.603766025641,0.604467147436,0.603866185897,0.612580128205,0.621294070513,0.603565705128,0.604266826923,0.618689903846,0.606670673077,0.609575320513,0.616185897436,0.601061698718,0.602664262821,0.609375]},"1":{"x":[500,1000,1500,2000,2500,3000,3500,4000,4500,5000,5500,6000,6500,7000,7500,8000,8500,9000,9500,10000,10500,11000,11500,12000,12500,13000,13500,14000,14500,15000,15500,16000,16500,17000,17500,18000,18500,19000,19500,20000,20500,21000,21500,22000,22500,23000,23500,24000,24500,25000,25500,26000,26500,27000,27500,28000,28500,29000,29500,30000,30500,31000,31500,32000,32500,33000,33500,34000,34500,35000,35500,36000,36500,37000,37500,38000,38500,39000,39500,40000,40500,41000,41500,42000,42500,43000,43500,44000,44500,45000,45500,46000,46500,47000,47500,48000,48500,49000,49500,50000,50500,51000,51500,52000,52500,53000,53500,54000,54500,55000,55500,56000,56500,57000,57500,58000,58500,59000,59500,60000,60500,61000,61500,62000,62500,63000,63500,64000,64500,65000,65500,66000,66500,67000,67500,68000,68500,69000,69500,70000,70500,71000,71500,72000,72500,73000,73500,74000,74500,75000,75500,76000,76500,77000,77500,78000,78500,79000,79500,80000,80500,81000,81500,82000,82500,83000,83500,84000,84500,85000,85500,86000,86500,87000,87500,88000,88500,89000,89500,90000,90500,91000,91500,92000,92500,93000,93500,94000,94500,95000,95500,96000,96500,97000,97500,98000,98500,99000,99500,100000],