{"0":{"x":[500,1000,1500,2000,2500,3000,3500,4000,4500,5000,5500,6000,6500,7000,7500,8000,8500,9000,9500,10000,10500,11000,11500,12000,12500,13000,13500,14000,14500,15000,15500,16000,16500,17000,17500,18000,18500,19000,19500,20000,20500,21000,21500,22000,22500,23000,23500,24000,24500,25000,25500,26000,26500,27000,27500,28000,28500,29000,29500,30000,30500,31000,31500,32000,32500,33000,33500,34000,34500,35000,35500,36000,36500,37000,37500,38000,38500,39000,39500,40000,40500,41000,41500,42000,42500,43000,43500,44000,44500,45000,45500,46000,46500,47000,47500,48000,48500,49000,49500,50000,50500,51000,51500,52000,52500,53000,53500,54000,54500,55000,55500,56000,56500,57000,57500,58000,58500,59000,59500,60000,60500,61000,61500,62000,62500,63000,63500,64000,64500,65000,65500,66000,66500,67000,67500,68000,68500,69000,69500,70000,70500,71000,71500,72000,72500,73000,73500,74000,74500,75000,75500,76000,76500,77000,77500,78000,78500,79000,79500,80000,80500,81000,81500,82000,82500,83000,83500,84000,84500,85000,85500,86000,86500,87000,87500,88000,88500,89000,89500,90000,90500,91000,91500,92000,92500,93000,93500,94000,94500,95000,95500,96000,96500,97000,97500,98000,98500,99000,99500,100000],"y":[0.227263621795,0.277644230769,0.340544871795,0.396233974359,0.457131410256,0.496294070513,0.547976762821,0.600961538462,0.637319711538,0.621394230769,0.691606570513,0.70703125,0.715244391026,0.706330128205,0.737379807692,0.745192307692,0.753205128205,0.786358173077,0.779346955128,0.792167467949,0.799779647436,0.799178685897,0.81109775641,0.817307692308,0.817407852564,0.81500400641,0.838741987179,0.814603365385,0.829126602564,0.839242788462,0.840244391026,0.846854967949,0.847856570513,0.855368589744,0.848357371795,0.846354166667,0.852664262821,0.857572115385,0.857471955128,0.858473557692,0.85797275641,0.861578525641,0.863681891026,0.871394230769,0.872796474359,0.869391025641,0.865084134615,0.877403846154,0.881109775641,0.870192307692,0.868489583333,0.875400641026,0.869791666667,0.87750400641,0.879306891026,0.87890625,0.885216346154,0.882712339744,0.870893429487,0.881209935897,0.882311698718,0.880909455128,0.888020833333,0.880008012821,0.886518429487,0.892628205128,0.882912660256,0.885016025641,0.889823717949,0.892628205128,0.885216346154,0.881510416667,0.894931891026,0.880208333333,0.892327724359,0.893229166667,0.890825320513,0.893529647436,0.896233974359,0.894431089744,0.900140224359,0.892528044872,0.89453125,0.896033653846,0.892528044872,0.895633012821,0.895132211538,0.897736378205,0.89453125,0.898137019231,0.897736378205,0.897235576923,0.904747596154,0.898838141026,0.89703525641,0.893028846154,0.901842948718,0.905348557692,0.90234375,0.900340544872,0.906951121795,0.905348557692,0.909354967949,0.906450320513,0.901742788462,0.899138621795,0.906850961538,0.89593349359,0.897636217949,0.909354967949,0.906049679487,0.905448717949,0.903445512821,0.907952724359,0.904747596154,0.909655448718,0.909354967949,0.911959134615,0.910857371795,0.908653846154,0.910857371795,0.915364583333,0.907852564103,0.909955929487,0.908052884615,0.913661858974,0.911959134615,0.911959134615,0.909855769231,0.91656650641,0.907051282051,0.910657051282,0.914463141026,0.917367788462,0.915564903846,0.916466346154,0.913461538462,0.910757211538,0.905548878205,0.911658653846,0.917668269231,0.909555288462,0.909855769231,0.909054487179,0.910957532051,0.914162660256,0.909855769231,0.913661858974,0.909855769231,0.912459935897,0.914763621795,0.917467948718,0.913261217949,0.916766826923,0.916165865385,0.912960737179,0.915064102564,0.911658653846,0.919971955128,0.916165865385,0.911959134615,0.915064102564,0.913762019231,0.910957532051,0.916065705128,0.913762019231,0.918569711538,0.912059294872,0.913261217949,0.909054487179,0.915965544872,0.920372596154,0.920372596154,0.918970352564,0.909955929487,0.916266025641,0.917568108974,0.918269230769,0.920873397436,0.916666666667,0.922676282051,0.916866987179,0.912860576923,0.918169070513,0.922576121795,0.916967147436,0.918269230769,0.92047275641,0.919971955128,0.921975160256,0.917467948718,0.917768429487,0.921574519231,0.924679487179,0.923177083333,0.918068910256,0.920572916667,0.917067307692,0.921875,0.920973557692]},"1":{"x":[500,1000,1500,2000,2500,3000,3500,4000,4500,5000,5500,6000,6500,7000,7500,8000,8500,9000,9500,10000,10500,11000,11500,12000,12500,13000,13500,14000,14500,15000,15500,16000,16500,17000,17500,18000,18500,19000,19500,20000,20500,21000,21500,22000,22500,23000,23500,24000,24500,25000,25500,26000,26500,27000,27500,28000,28500,29000,29500,30000,30500,31000,31500,32000,32500,33000,33500,34000,34500,35000,35500,36000,36500,37000,37500,38000,38500,39000,39500,40000,40500,41000,41500,42000,42500,43000,43500,44000,44500,45000,45500,46000,46500,47000,47500,48000,48500,49000,49500,50000,50500,51000,51500,52000,52500,53000,53500,54000,54500,55000,55500,56000,56500,57000,57500,58000,58500,59000,59500,60000,60500,61000,61500,62000,62500,63000,63500,64000,64500,65000,65500,66000,66500,67000,67500,68000,68500,69000,69500,70000,70500,71000,71500,72000,72500,73000,73500,74000,74500,75000,75500,76000,76500,77000,77500,78000,78500,79000,79500,80000,80500,81000,81500,82000,82500,83000,83500,84000,84500,85000,85500,86000,86500,87000,87500,88000,88500,89000,89500,90000,90500,91000,91500,92000,92500,93000,93500,94000,94500,95000,95500,96000,96500,97000,97500,98000,98500,99000,99500,100000],