{"0":{"x":[500,1000,1500,2000,2500,3000,3500,4000,4500,5000,5500,6000,6500,7000,7500,8000,8500,9000,9500,10000,10500,11000,11500,12000,12500,13000,13500,14000,14500,15000,15500,16000,16500,17000,17500,18000,18500,19000,19500,20000,20500,21000,21500,22000,22500,23000,23500,24000,24500,25000,25500,26000,26500,27000,27500,28000,28500,29000,29500,30000,30500,31000,31500,32000,32500,33000,33500,34000,34500,35000,35500,36000,36500,37000,37500,38000,38500,39000,39500,40000,40500,41000,41500,42000,42500,43000,43500,44000,44500,45000,45500,46000,46500,47000,47500,48000,48500,49000,49500,50000,50500,51000,51500,52000,52500,53000,53500,54000,54500,55000,55500,56000,56500,57000,57500,58000,58500,59000,59500,60000,60500,61000,61500,62000,62500,63000,63500,64000,64500,65000,65500,66000,66500,67000,67500,68000,68500,69000,69500,70000,70500,71000,71500,72000,72500,73000,73500,74000,74500,75000,75500,76000,76500,77000,77500,78000,78500,79000,79500,80000,80500,81000,81500,82000,82500,83000,83500,84000,84500,85000,85500,86000,86500,87000,87500,88000,88500,89000,89500,90000,90500,91000,91500,92000,92500,93000,93500,94000,94500,95000,95500,96000,96500,97000,97500,98000,98500,99000,99500,100000],"y":[0.279747596154,0.331530448718,0.418970352564,0.495993589744,0.518028846154,0.58062900641,0.586838942308,0.645132211538,0.63812099359,0.636117788462,0.616085737179,0.635717147436,0.623697916667,0.658854166667,0.645332532051,0.661758814103,0.672275641026,0.666866987179,0.663261217949,0.700520833333,0.665965544872,0.708533653846,0.694811698718,0.68359375,0.698617788462,0.700220352564,0.696915064103,0.696213942308,0.716846955128,0.712840544872,0.706029647436,0.715144230769,0.709635416667,0.722756410256,0.712640224359,0.72015224359,0.708533653846,0.724358974359,0.723357371795,0.732171474359,0.744391025641,0.733273237179,0.70953525641,0.726862980769,0.691005608974,0.732872596154,0.732271634615,0.719551282051,0.729967948718,0.71734775641,0.724258814103,0.712640224359,0.732471955128,0.729266826923,0.720452724359,0.731169871795,0.713241185897,0.712139423077,0.709435096154,0.731971153846,0.697215544872,0.719951923077,0.718149038462,0.729867788462,0.699819711538,0.717648237179,0.726362179487,0.731169871795,0.718349358974,0.732672275641,0.705528846154,0.722756410256,0.718249198718,0.696814903846,0.712540064103,0.695813301282,0.692307692308,0.680488782051,0.671374198718,0.670873397436,0.690404647436,0.695913461538,0.699819711538,0.702924679487,0.677283653846,0.68890224359,0.691005608974,0.695913461538,0.683894230769,0.686298076923,0.707131410256,0.701221955128,0.692508012821,0.684895833333,0.683493589744,0.689503205128,0.705128205128,0.689603365385,0.694611378205,0.691306089744,0.680388621795,0.668068910256,0.675080128205,0.662059294872,0.672475961538,0.651342147436,0.656049679487,0.65875400641,0.650440705128,0.659455128205,0.665765224359,0.657151442308,0.655949519231,0.658253205128,0.663862179487,0.655148237179,0.672275641026,0.659154647436,0.680588942308,0.670572916667,0.668369391026,0.670773237179,0.666967147436,0.68108974359,0.685697115385,0.671774839744,0.672776442308,0.680488782051,0.674679487179,0.684395032051,0.678084935897,0.676282051282,0.675280448718,0.690805288462,0.668269230769,0.680989583333,0.695612980769,0.684595352564,0.69391025641,0.705328525641,0.68219150641,0.6875,0.676983173077,0.676782852564,0.69140625,0.690104166667,0.686899038462,0.681390224359,0.693609775641,0.702323717949,0.698317307692,0.702724358974,0.688501602564,0.697315705128,0.700921474359,0.703826121795,0.682391826923,0.694511217949,0.692708333333,0.700821314103,0.689603365385,0.701923076923,0.704627403846,0.709134615385,0.697415865385,0.679387019231,0.691506410256,0.694110576923,0.703425480769,0.709034455128,0.713741987179,0.713741987179,0.712439903846,0.71233974359,0.715044070513,0.707832532051,0.716446314103,0.704427083333,0.70703125,0.702423878205,0.693810096154,0.707732371795,0.714643429487,0.715645032051,0.70172275641,0.686899038462,0.694210737179,0.701923076923,0.70843349359,0.71233974359,0.708834134615,0.692708333333,0.698217147436,0.702924679487,0.706330128205,0.716746794872,0.710236378205,0.690705128205,0.695012019231,0.699819711538]},"1":{"x":[500,1000,1500,2000,2500,3000,3500,4000,4500,5000,5500,6000,6500,7000,7500,8000,8500,9000,9500,10000,10500,11000,11500,12000,12500,13000,13500,14000,14500,15000,15500,16000,16500,17000,17500,18000,18500,19000,19500,20000,20500,21000,21500,22000,22500,23000,23500,24000,24500,25000,25500,26000,26500,27000,27500,28000,28500,29000,29500,30000,30500,31000,31500,32000,32500,33000,33500,34000,34500,35000,35500,36000,36500,37000,37500,38000,38500,39000,39500,40000,40500,41000,41500,42000,42500,43000,43500,44000,44500,45000,45500,46000,46500,47000,47500,48000,48500,49000,49500,50000,50500,51000,51500,52000,52500,53000,53500,54000,54500,55000,55500,56000,56500,57000,57500,58000,58500,59000,59500,60000,60500,61000,61500,62000,62500,63000,63500,64000,64500,65000,65500,66000,66500,67000,67500,68000,68500,69000,69500,70000,70500,71000,71500,72000,72500,73000,73500,74000,74500,75000,75500,76000,76500,77000,77500,78000,78500,79000,79500,80000,80500,81000,81500,82000,82500,83000,83500,84000,84500,85000,85500,86000,86500,87000,87500,88000,88500,89000,89500,90000,90500,91000,91500,92000,92500,93000,93500,94000,94500,95000,95500,96000,96500,97000,97500,98000,98500,99000,99500,100000],