{"0":{"x":[500,1000,1500,2000,2500,3000,3500,4000,4500,5000,5500,6000,6500,7000,7500,8000,8500,9000,9500,10000,10500,11000,11500,12000,12500,13000,13500,14000,14500,15000,15500,16000,16500,17000,17500,18000,18500,19000,19500,20000,20500,21000,21500,22000,22500,23000,23500,24000,24500,25000,25500,26000,26500,27000,27500,28000,28500,29000,29500,30000,30500,31000,31500,32000,32500,33000,33500,34000,34500,35000,35500,36000,36500,37000,37500,38000,38500,39000,39500,40000,40500,41000,41500,42000,42500,43000,43500,44000,44500,45000,45500,46000,46500,47000,47500,48000,48500,49000,49500,50000,50500,51000,51500,52000,52500,53000,53500,54000,54500,55000,55500,56000,56500,57000,57500,58000,58500,59000,59500,60000,60500,61000,61500,62000,62500,63000,63500,64000,64500,65000,65500,66000,66500,67000,67500,68000,68500,69000,69500,70000,70500,71000,71500,72000,72500,73000,73500,74000,74500,75000,75500,76000,76500,77000,77500,78000,78500,79000,79500,80000,80500,81000,81500,82000,82500,83000,83500,84000,84500,85000,85500,86000,86500,87000,87500,88000,88500,89000,89500,90000,90500,91000,91500,92000,92500,93000,93500,94000,94500,95000,95500,96000,96500,97000,97500,98000,98500,99000,99500,100000],"y":[0.256109775641,0.285957532051,0.295873397436,0.302483974359,0.349659455128,0.427884615385,0.443409455128,0.476362179487,0.5078125,0.534955929487,0.557391826923,0.541065705128,0.565204326923,0.577624198718,0.60016025641,0.590845352564,0.638521634615,0.602864583333,0.642628205128,0.626302083333,0.645633012821,0.648838141026,0.649338942308,0.650741185897,0.621394230769,0.638822115385,0.653645833333,0.657752403846,0.66937099359,0.677884615385,0.670773237179,0.687199519231,0.6640625,0.676482371795,0.688100961538,0.67828525641,0.69671474359,0.705829326923,0.686398237179,0.711037660256,0.708834134615,0.694911858974,0.733874198718,0.706931089744,0.722956730769,0.70452724359,0.729266826923,0.725260416667,0.710136217949,0.702423878205,0.73828125,0.722155448718,0.731971153846,0.679086538462,0.709835737179,0.685396634615,0.693008814103,0.636818910256,0.607271634615,0.648637820513,0.586338141026,0.635016025641,0.617087339744,0.615284455128,0.635817307692,0.642528044872,0.616386217949,0.590344551282,0.57672275641,0.586037660256,0.593850160256,0.597956730769,0.566306089744,0.570713141026,0.585336538462,0.611177884615,0.603665865385,0.600961538462,0.585436698718,0.598657852564,0.621794871795,0.614383012821,0.608072916667,0.595552884615,0.611177884615,0.614583333333,0.601462339744,0.612079326923,0.623297275641,0.617487980769,0.638822115385,0.626702724359,0.621294070513,0.625801282051,0.613181089744,0.627203525641,0.630108173077,0.627103365385,0.618990384615,0.612079326923,0.599358974359,0.625600961538,0.629206730769,0.641125801282,0.648537660256,0.631510416667,0.627804487179,0.631310096154,0.637720352564,0.623898237179,0.652644230769,0.629807692308,0.633012820513,0.641526442308,0.631109775641,0.620292467949,0.628305288462,0.640024038462,0.631209935897,0.626302083333,0.632011217949,0.636518429487,0.635616987179,0.641726762821,0.623898237179,0.647135416667,0.646935096154,0.647836538462,0.653545673077,0.639523237179,0.635616987179,0.638521634615,0.651842948718,0.643629807692,0.64593349359,0.640725160256,0.643229166667,0.628806089744,0.635516826923,0.626602564103,0.631510416667,0.629206730769,0.664963942308,0.632612179487,0.63531650641,0.643429487179,0.652844551282,0.639322916667,0.638020833333,0.639122596154,0.64453125,0.662960737179,0.634415064103,0.640224358974,0.647536057692,0.648737980769,0.639122596154,0.646534455128,0.657351762821,0.645633012821,0.666666666667,0.648537660256,0.650340544872,0.648537660256,0.640024038462,0.632612179487,0.640524839744,0.651141826923,0.64983974359,0.651542467949,0.657451923077,0.641326121795,0.652844551282,0.665865384615,0.65094150641,0.660256410256,0.653846153846,0.674479166667,0.646033653846,0.668770032051,0.656550480769,0.649238782051,0.65875400641,0.667768429487,0.663561698718,0.661157852564,0.669671474359,0.666766826923,0.654547275641,0.661758814103,0.659655448718,0.658052884615,0.646133814103,0.656951121795,0.673778044872,0.646935096154,0.658052884615,0.655749198718,0.666666666667,0.656149839744]},"1":{"x":[500,1000,1500,2000,2500,3000,3500,4000,4500,5000,5500,6000,6500,7000,7500,8000,8500,9000,9500,10000,10500,11000,11500,12000,12500,13000,13500,14000,14500,15000,15500,16000,16500,17000,17500,18000,18500,19000,19500,20000,20500,21000,21500,22000,22500,23000,23500,24000,24500,25000,25500,26000,26500,27000,27500,28000,28500,29000,29500,30000,30500,31000,31500,32000,32500,33000,33500,34000,34500,35000,35500,36000,36500,37000,37500,38000,38500,39000,39500,40000,40500,41000,41500,42000,42500,43000,43500,44000,44500,45000,45500,46000,46500,47000,47500,48000,48500,49000,49500,50000,50500,51000,51500,52000,52500,53000,53500,54000,54500,55000,55500,56000,56500,57000,57500,58000,58500,59000,59500,60000,60500,61000,61500,62000,62500,63000,63500,64000,64500,65000,65500,66000,66500,67000,67500,68000,68500,69000,69500,70000,70500,71000,71500,72000,72500,73000,73500,74000,74500,75000,75500,76000,76500,77000,77500,78000,78500,79000,79500,80000,80500,81000,81500,82000,82500,83000,83500,84000,84500,85000,85500,86000,86500,87000,87500,88000,88500,89000,89500,90000,90500,91000,91500,92000,92500,93000,93500,94000,94500,95000,95500,96000,96500,97000,97500,98000,98500,99000,99500,100000],