{"0":{"x":[500,1000,1500,2000,2500,3000,3500,4000,4500,5000,5500,6000,6500,7000,7500,8000,8500,9000,9500,10000,10500,11000,11500,12000,12500,13000,13500,14000,14500,15000,15500,16000,16500,17000,17500,18000,18500,19000,19500,20000,20500,21000,21500,22000,22500,23000,23500,24000,24500,25000,25500,26000,26500,27000,27500,28000,28500,29000,29500,30000,30500,31000,31500,32000,32500,33000,33500,34000,34500,35000,35500,36000,36500,37000,37500,38000,38500,39000,39500,40000,40500,41000,41500,42000,42500,43000,43500,44000,44500,45000,45500,46000,46500,47000,47500,48000,48500,49000,49500,50000,50500,51000,51500,52000,52500,53000,53500,54000,54500,55000,55500,56000,56500,57000,57500,58000,58500,59000,59500,60000,60500,61000,61500,62000,62500,63000,63500,64000,64500,65000,65500,66000,66500,67000,67500,68000,68500,69000,69500,70000,70500,71000,71500,72000,72500,73000,73500,74000,74500,75000,75500,76000,76500,77000,77500,78000,78500,79000,79500,80000,80500,81000,81500,82000,82500,83000,83500,84000,84500,85000,85500,86000,86500,87000,87500,88000,88500,89000,89500,90000,90500,91000,91500,92000,92500,93000,93500,94000,94500,95000,95500,96000,96500,97000,97500,98000,98500,99000,99500,100000],"y":[0.229467147436,0.301282051282,0.350260416667,0.437600160256,0.512119391026,0.554587339744,0.63421474359,0.646133814103,0.703225160256,0.691806891026,0.696113782051,0.752003205128,0.746193910256,0.754807692308,0.771133814103,0.738181089744,0.781951121795,0.79156650641,0.780048076923,0.806590544872,0.823918269231,0.808693910256,0.817407852564,0.826422275641,0.829427083333,0.837540064103,0.840444711538,0.849358974359,0.855368589744,0.839943910256,0.83984375,0.857271634615,0.85296474359,0.844451121795,0.852263621795,0.855969551282,0.845452724359,0.863681891026,0.863581730769,0.883413461538,0.875300480769,0.873998397436,0.871494391026,0.870993589744,0.875901442308,0.868790064103,0.878505608974,0.874298878205,0.868689903846,0.866586538462,0.862279647436,0.880909455128,0.865584935897,0.876602564103,0.879206730769,0.88421474359,0.889623397436,0.886919070513,0.886217948718,0.889423076923,0.883213141026,0.88030849359,0.896734775641,0.877403846154,0.890524839744,0.887820512821,0.893830128205,0.895532852564,0.905048076923,0.88531650641,0.885416666667,0.877403846154,0.900040064103,0.902243589744,0.883513621795,0.895232371795,0.899939903846,0.895232371795,0.900440705128,0.893028846154,0.891125801282,0.907752403846,0.891025641026,0.903245192308,0.900140224359,0.900240384615,0.896033653846,0.907351762821,0.905749198718,0.896434294872,0.902944711538,0.906850961538,0.909354967949,0.909455128205,0.899939903846,0.900741185897,0.90484775641,0.907952724359,0.900140224359,0.901542467949,0.901943108974,0.898838141026,0.894831730769,0.916266025641,0.91155849359,0.905949519231,0.910657051282,0.906951121795,0.909955929487,0.909254807692,0.917367788462,0.915665064103,0.908253205128,0.901943108974,0.907251602564,0.916065705128,0.903846153846,0.906850961538,0.912259615385,0.904447115385,0.911758814103,0.888321314103,0.90875400641,0.904647435897,0.912059294872,0.908453525641,0.900340544872,0.905348557692,0.90875400641,0.911758814103,0.908153044872,0.902043269231,0.909154647436,0.915965544872,0.918369391026,0.916366185897,0.911458333333,0.918669871795,0.920873397436,0.914563301282,0.911758814103,0.910657051282,0.920973557692,0.91796875,0.902844551282,0.915765224359,0.913561698718,0.914663461538,0.916165865385,0.912359775641,0.905849358974,0.915665064103,0.918469551282,0.91546474359,0.922075320513,0.919471153846,0.915865384615,0.913561698718,0.921574519231,0.915965544872,0.921774839744,0.920572916667,0.922275641026,0.925881410256,0.915665064103,0.923177083333,0.921975160256,0.911458333333,0.918068910256,0.92047275641,0.920773237179,0.927383814103,0.923477564103,0.921875,0.926883012821,0.923577724359,0.925080128205,0.921073717949,0.91796875,0.921875,0.919170673077,0.923577724359,0.922976762821,0.923577724359,0.924779647436,0.916967147436,0.915865384615,0.920973557692,0.925280448718,0.922876602564,0.923978365385,0.916165865385,0.928385416667,0.920272435897,0.925480769231,0.929987980769,0.921173878205,0.924679487179,0.899939903846,0.932291666667]},"1":{"x":[500,1000,1500,2000,2500,3000,3500,4000,4500,5000,5500,6000,6500,7000,7500,8000,8500,9000,9500,10000,10500,11000,11500,12000,12500,13000,13500,14000,14500,15000,15500,16000,16500,17000,17500,18000,18500,19000,19500,20000,20500,21000,21500,22000,22500,23000,23500,24000,24500,25000,25500,26000,26500,27000,27500,28000,28500,29000,29500,30000,30500,31000,31500,32000,32500,33000,33500,34000,34500,35000,35500,36000,36500,37000,37500,38000,38500,39000,39500,40000,40500,41000,41500,42000,42500,43000,43500,44000,44500,45000,45500,46000,46500,47000,47500,48000,48500,49000,49500,50000,50500,51000,51500,52000,52500,53000,53500,54000,54500,55000,55500,56000,56500,57000,57500,58000,58500,59000,59500,60000,60500,61000,61500,62000,62500,63000,63500,64000,64500,65000,65500,66000,66500,67000,67500,68000,68500,69000,69500,70000,70500,71000,71500,72000,72500,73000,73500,74000,74500,75000,75500,76000,76500,77000,77500,78000,78500,79000,79500,80000,80500,81000,81500,82000,82500,83000,83500,84000,84500,85000,85500,86000,86500,87000,87500,88000,88500,89000,89500,90000,90500,91000,91500,92000,92500,93000,93500,94000,94500,95000,95500,96000,96500,97000,97500,98000,98500,99000,99500,100000],