{"0":{"x":[500,1000,1500,2000,2500,3000,3500,4000,4500,5000,5500,6000,6500,7000,7500,8000,8500,9000,9500,10000,10500,11000,11500,12000,12500,13000,13500,14000,14500,15000,15500,16000,16500,17000,17500,18000,18500,19000,19500,20000,20500,21000,21500,22000,22500,23000,23500,24000,24500,25000,25500,26000,26500,27000,27500,28000,28500,29000,29500,30000,30500,31000,31500,32000,32500,33000,33500,34000,34500,35000,35500,36000,36500,37000,37500,38000,38500,39000,39500,40000,40500,41000,41500,42000,42500,43000,43500,44000,44500,45000,45500,46000,46500,47000,47500,48000,48500,49000,49500,50000,50500,51000,51500,52000,52500,53000,53500,54000,54500,55000,55500,56000,56500,57000,57500,58000,58500,59000,59500,60000,60500,61000,61500,62000,62500,63000,63500,64000,64500,65000,65500,66000,66500,67000,67500,68000,68500,69000,69500,70000,70500,71000,71500,72000,72500,73000,73500,74000,74500,75000,75500,76000,76500,77000,77500,78000,78500,79000,79500,80000,80500,81000,81500,82000,82500,83000,83500,84000,84500,85000,85500,86000,86500,87000,87500,88000,88500,89000,89500,90000,90500,91000,91500,92000,92500,93000,93500,94000,94500,95000,95500,96000,96500,97000,97500,98000,98500,99000,99500,100000],"y":[0.31430000215,0.36480000098,0.414900000766,0.396400001295,0.381900001079,0.43080000142,0.460000001281,0.400500001088,0.500600002646,0.502600001514,0.450500001222,0.458900000609,0.513000001371,0.52940000242,0.531900001168,0.565000000954,0.540900001675,0.558600001127,0.569600001365,0.534500002503,0.549900002092,0.547400002062,0.519600000679,0.521600001484,0.568900001466,0.568099999607,0.567400001407,0.570800000072,0.599200001657,0.604900000662,0.610499999881,0.604199999601,0.574400001049,0.596100000978,0.616900000215,0.587900001109,0.605600001097,0.588000000298,0.600400000095,0.618300001383,0.599400001585,0.606399999559,0.597700001538,0.595100000143,0.620800000072,0.607900001287,0.597400000036,0.582700000465,0.593899999559,0.598800000906,0.602799999416,0.578600001991,0.592800001264,0.591199999392,0.606100000679,0.608700000167,0.62290000093,0.60740000093,0.620200000763,0.605899999648,0.628800000727,0.624600000381,0.607699999154,0.627500000596,0.623800001681,0.621599999845,0.615400000215,0.622800000846,0.621699999928,0.617400000334,0.631399999857,0.629599999845,0.635899999857,0.643400000095,0.631899999857,0.630400000632,0.636900000215,0.629100000083,0.628100000858,0.631299999774,0.611200000226,0.630100000262,0.622000001073,0.620500001192,0.618700000882,0.604600001186,0.613500001669,0.621800000131,0.637299999595,0.622600000083,0.608100000799,0.614300001025,0.58810000062,0.579200001895,0.57380000186,0.592500000834,0.591500001401,0.587700000852,0.588400001287,0.577900001884,0.587200001419,0.578100001752,0.571400001466,0.553000001609,0.560100000978,0.557500000298,0.569100001901,0.558600001395,0.574200001419,0.567300000727,0.565700001419,0.561800001919,0.561500001669,0.553000000715,0.565900001049,0.563600001067,0.561000002146,0.563300000906,0.562700000912,0.575100000918,0.567600001365,0.578400001854,0.584500000417,0.578800001919,0.567800002724,0.56250000158,0.571300001264,0.567400001049,0.582200000584,0.57140000245,0.585000000954,0.584400000751,0.589100000829,0.589400001109,0.592000000596,0.583300001681,0.583300000846,0.58130000186,0.583400001287,0.582100000083,0.581000000566,0.587800001025,0.587200000644,0.585000001311,0.584200000763,0.58710000053,0.605500001043,0.589600001812,0.588900001109,0.588800002217,0.589700002074,0.597300000191,0.591400001526,0.584200001359,0.588000000477,0.588800000995,0.592500000894,0.595000000536,0.592700001121,0.588800001323,0.588500001073,0.591300001323,0.594000001967,0.591400001168,0.597600000978,0.595300001144,0.589300000668,0.592400000572,0.592500000834,0.591800001264,0.593600000978,0.590899999678,0.589200000048,0.593000000715,0.588300001323,0.590000001639,0.592900001884,0.593500000477,0.597200000584,0.594000001431,0.595900002062,0.598399999857,0.601299999297,0.591000000596,0.594399999946,0.595500000298,0.600400000393,0.603500001132,0.603000001252,0.601400000751,0.596000000238,0.600000000358,0.597999999702,0.585500001848,0.595000000954,0.600699999928,0.594599998951,0.595100000739,0.592599999964,0.601200000525]},"1":{"x":[500,1000,1500,2000,2500,3000,3500,4000,4500,5000,5500,6000,6500,7000,7500,8000,8500,9000,9500,10000,10500,11000,11500,12000,12500,13000,13500,14000,14500,15000,15500,16000,16500,17000,17500,18000,18500,19000,19500,20000,20500,21000,21500,22000,22500,23000,23500,24000,24500,25000,25500,26000,26500,27000,27500,28000,28500,29000,29500,30000,30500,31000,31500,32000,32500,33000,33500,34000,34500,35000,35500,36000,36500,37000,37500,38000,38500,39000,39500,40000,40500,41000,41500,42000,42500,43000,43500,44000,44500,45000,45500,46000,46500,47000,47500,48000,48500,49000,49500,50000,50500,51000,51500,52000,52500,53000,53500,54000,54500,55000,55500,56000,56500,57000,57500,58000,58500,59000,59500,60000,60500,61000,61500,62000,62500,63000,63500,64000,64500,65000,65500,66000,66500,67000,67500,68000,68500,69000,69500,70000,70500,71000,71500,72000,72500,73000,73500,74000,74500,75000,75500,76000,76500,77000,77500,78000,78500,79000,79500,80000,80500,81000,81500,82000,82500,83000,83500,84000,84500,85000,85500,86000,86500,87000,87500,88000,88500,89000,89500,90000,90500,91000,91500,92000,92500,93000,93500,94000,94500,95000,95500,96000,96500,97000,97500,98000,98500,99000,99500,100000],