{"0":{"x":[500,1000,1500,2000,2500,3000,3500,4000,4500,5000,5500,6000,6500,7000,7500,8000,8500,9000,9500,10000,10500,11000,11500,12000,12500,13000,13500,14000,14500,15000,15500,16000,16500,17000,17500,18000,18500,19000,19500,20000,20500,21000,21500,22000,22500,23000,23500,24000,24500,25000,25500,26000,26500,27000,27500,28000,28500,29000,29500,30000,30500,31000,31500,32000,32500,33000,33500,34000,34500,35000,35500,36000,36500,37000,37500,38000,38500,39000,39500,40000,40500,41000,41500,42000,42500,43000,43500,44000,44500,45000,45500,46000,46500,47000,47500,48000,48500,49000,49500,50000,50500,51000,51500,52000,52500,53000,53500,54000,54500,55000,55500,56000,56500,57000,57500,58000,58500,59000,59500,60000,60500,61000,61500,62000,62500,63000,63500,64000,64500,65000,65500,66000,66500,67000,67500,68000,68500,69000,69500,70000,70500,71000,71500,72000,72500,73000,73500,74000,74500,75000,75500,76000,76500,77000,77500,78000,78500,79000,79500,80000,80500,81000,81500,82000,82500,83000,83500,84000,84500,85000,85500,86000,86500,87000,87500,88000,88500,89000,89500,90000,90500,91000,91500,92000,92500,93000,93500,94000,94500,95000,95500,96000,96500,97000,97500,98000,98500,99000,99500,100000],"y":[0.283800002314,0.434000000581,0.50050000155,0.574800000846,0.63510000056,0.647300001025,0.697199999869,0.71969999975,0.772300000191,0.787600002348,0.786500001073,0.813500002146,0.77660000062,0.790000003159,0.828400002003,0.858400000691,0.849499999762,0.877499998093,0.871799999714,0.881799996614,0.886099997759,0.886399997115,0.879199997425,0.881499997616,0.88999999702,0.89829999578,0.896599996924,0.901199995756,0.900899994135,0.908899995327,0.911399995446,0.896899995685,0.922599992037,0.922299993753,0.910599993706,0.901699994922,0.911699994445,0.931299993634,0.931899992704,0.928399993539,0.928299994349,0.925999992609,0.9313999933,0.913099994183,0.913499994397,0.922199993253,0.935199992657,0.935899993658,0.940699992776,0.934899992704,0.934999992609,0.937499992013,0.935899992585,0.907499994278,0.935599993348,0.941299993038,0.926499993086,0.939799992561,0.941399992228,0.9343999933,0.940899992704,0.943799993157,0.938999991536,0.932499992371,0.926499993086,0.937499992132,0.940199992299,0.933899992466,0.937399993181,0.942799992919,0.944099991798,0.942999991655,0.943499992609,0.943799992085,0.946699993014,0.947999992609,0.945999992728,0.939599992275,0.938599992514,0.950899992824,0.952099992156,0.95299999249,0.950499992371,0.948399991751,0.949699991822,0.952699993372,0.950299992681,0.950699992657,0.952799992085,0.953799992561,0.95359999299,0.957399993181,0.954299993634,0.955399992824,0.953399992585,0.953799992681,0.954999992967,0.955199992776,0.955899992704,0.957099993348,0.958299993634,0.951199993134,0.956999991894,0.953599993467,0.955699993014,0.953999992967,0.955299993038,0.956299992561,0.954699992299,0.95699999249,0.954999993205,0.95639999342,0.956299992919,0.953799992204,0.95509999311,0.957399992943,0.961299993396,0.956499993563,0.956599992871,0.954899992466,0.955899992824,0.95919999218,0.957199994564,0.955799992323,0.95789999342,0.960199992776,0.95719999218,0.959199992061,0.954299992561,0.957699992776,0.954899992943,0.95789999342,0.959299992681,0.959299992919,0.956899992704,0.955399993062,0.956399992228,0.954999992371,0.959899992466,0.95869999361,0.958399993658,0.9587999928,0.957599992633,0.959299993515,0.958299992681,0.957499992847,0.957199992776,0.9567999928,0.95869999373,0.958299993038,0.957699992537,0.958499992967,0.957099993229,0.959699992657,0.96009999299,0.957599992871,0.958599993587,0.957899992824,0.956399993062,0.957499992967,0.957499993205,0.958799992085,0.959999992967,0.959799992919,0.9598999933,0.958899992824,0.960099992752,0.962099993467,0.960199993253,0.957599993825,0.959099992394,0.961099993825,0.959799992323,0.953799992204,0.960499992847,0.960599992871,0.9588999933,0.959299993157,0.960199993014,0.960799993157,0.960899993658,0.959299993277,0.957799993277,0.961699994087,0.959299993396,0.959299992323,0.96109999311,0.9582999928,0.961699992776,0.959599992394,0.958599993587,0.958799993634,0.960099992871,0.960999992728,0.959199992895,0.961799993396,0.96239999342,0.96209999299,0.959199993014,0.958699993491]},"1":{"x":[500,1000,1500,2000,2500,3000,3500,4000,4500,5000,5500,6000,6500,7000,7500,8000,8500,9000,9500,10000,10500,11000,11500,12000,12500,13000,13500,14000,14500,15000,15500,16000,16500,17000,17500,18000,18500,19000,19500,20000,20500,21000,21500,22000,22500,23000,23500,24000,24500,25000,25500,26000,26500,27000,27500,28000,28500,29000,29500,30000,30500,31000,31500,32000,32500,33000,33500,34000,34500,35000,35500,36000,36500,37000,37500,38000,38500,39000,39500,40000,40500,41000,41500,42000,42500,43000,43500,44000,44500,45000,45500,46000,46500,47000,47500,48000,48500,49000,49500,50000,50500,51000,51500,52000,52500,53000,53500,54000,54500,55000,55500,56000,56500,57000,57500,58000,58500,59000,59500,60000,60500,61000,61500,62000,62500,63000,63500,64000,64500,65000,65500,66000,66500,67000,67500,68000,68500,69000,69500,70000,70500,71000,71500,72000,72500,73000,73500,74000,74500,75000,75500,76000,76500,77000,77500,78000,78500,79000,79500,80000,80500,81000,81500,82000,82500,83000,83500,84000,84500,85000,85500,86000,86500,87000,87500,88000,88500,89000,89500,90000,90500,91000,91500,92000,92500,93000,93500,94000,94500,95000,95500,96000,96500,97000,97500,98000,98500,99000,99500,100000],