{"0":{"x":[500,1000,1500,2000,2500,3000,3500,4000,4500,5000,5500,6000,6500,7000,7500,8000,8500,9000,9500,10000,10500,11000,11500,12000,12500,13000,13500,14000,14500,15000,15500,16000,16500,17000,17500,18000,18500,19000,19500,20000,20500,21000,21500,22000,22500,23000,23500,24000,24500,25000,25500,26000,26500,27000,27500,28000,28500,29000,29500,30000,30500,31000,31500,32000,32500,33000,33500,34000,34500,35000,35500,36000,36500,37000,37500,38000,38500,39000,39500,40000,40500,41000,41500,42000,42500,43000,43500,44000,44500,45000,45500,46000,46500,47000,47500,48000,48500,49000,49500,50000,50500,51000,51500,52000,52500,53000,53500,54000,54500,55000,55500,56000,56500,57000,57500,58000,58500,59000,59500,60000,60500,61000,61500,62000,62500,63000,63500,64000,64500,65000,65500,66000,66500,67000,67500,68000,68500,69000,69500,70000,70500,71000,71500,72000,72500,73000,73500,74000,74500,75000,75500,76000,76500,77000,77500,78000,78500,79000,79500,80000,80500,81000,81500,82000,82500,83000,83500,84000,84500,85000,85500,86000,86500,87000,87500,88000,88500,89000,89500,90000,90500,91000,91500,92000,92500,93000,93500,94000,94500,95000,95500,96000,96500,97000,97500,98000,98500,99000,99500,100000],"y":[0.342900001742,0.432300002113,0.4747000027,0.53630000104,0.59219999969,0.631300000727,0.65769999975,0.652700001419,0.697500000477,0.716900000572,0.70580000025,0.725199998915,0.740700001478,0.766500001013,0.759200001717,0.759700001001,0.779300000429,0.753400001287,0.793400002003,0.780600001574,0.793800000668,0.79430000186,0.81870000124,0.786500002027,0.828799999952,0.817200002432,0.822200000525,0.83080000186,0.831800000787,0.857700000525,0.848400000215,0.844599999547,0.848899999976,0.849400000453,0.838400001049,0.850899999261,0.851000000119,0.845300000429,0.861499998331,0.869399997473,0.861299998403,0.842399999857,0.862099997759,0.861399999261,0.861899998069,0.866799998641,0.86509999907,0.870199998617,0.865599998832,0.860499998569,0.855499999166,0.872999997973,0.877899996758,0.861699998379,0.867199998856,0.866699997187,0.873199997783,0.867799998045,0.871499998093,0.879999997258,0.885199996948,0.880399996996,0.886399996877,0.891099996686,0.895799995065,0.893699995995,0.893499994755,0.890099995732,0.89789999485,0.887299997449,0.887999996066,0.896999996305,0.89679999578,0.901699995637,0.891499996781,0.898499994755,0.895999996185,0.897899996758,0.904599994898,0.901499996305,0.897599994898,0.899499996066,0.902799995542,0.904499993682,0.899799995542,0.900199994802,0.900399995089,0.900499994993,0.89819999516,0.898399996519,0.90549999547,0.902599995017,0.89999999547,0.905399994969,0.910899994135,0.907499995232,0.909899994612,0.90769999516,0.906899995804,0.910899994493,0.902099995255,0.910699995279,0.908299994946,0.906799993515,0.907299993515,0.905899994135,0.910699994087,0.907599994779,0.905799994111,0.910199995518,0.907899994731,0.908799994946,0.908599995136,0.910199993849,0.90849999404,0.910399994135,0.910299994469,0.904799996138,0.90679999423,0.902699996114,0.909599995375,0.908899995446,0.904499995828,0.909299994826,0.914699994802,0.909399994731,0.90899999392,0.910799995065,0.90469999361,0.910599995613,0.913699995279,0.907999994874,0.907799995422,0.911899994493,0.907099995136,0.90909999454,0.913099993467,0.909099995136,0.910499994278,0.914099995375,0.910999994397,0.913399994612,0.909899994016,0.909399993539,0.911399996638,0.911499995947,0.912799994111,0.908599996448,0.91049999392,0.911199995995,0.910299993753,0.912099993944,0.915299994111,0.916399994493,0.912999993443,0.912099995375,0.911899993896,0.914099994302,0.91329999423,0.913299994111,0.912699994564,0.911799992323,0.914599993467,0.915999994397,0.91269999361,0.915999995112,0.915799994588,0.912799993634,0.912799995303,0.915099994898,0.914199994802,0.914199994445,0.912999994278,0.912499994993,0.918199993849,0.913799994469,0.915399994135,0.914399994493,0.913799992919,0.911699995041,0.917999993086,0.91639999342,0.916599992037,0.914299994707,0.910599994898,0.915099993587,0.916099993944,0.917299994111,0.914199994326,0.914799993277,0.913799994588,0.914699994564,0.915299993396,0.91049999404,0.91699999392,0.917299992204,0.914999993443,0.914599994302,0.915399994254,0.917999993801]},"1":{"x":[500,1000,1500,2000,2500,3000,3500,4000,4500,5000,5500,6000,6500,7000,7500,8000,8500,9000,9500,10000,10500,11000,11500,12000,12500,13000,13500,14000,14500,15000,15500,16000,16500,17000,17500,18000,18500,19000,19500,20000,20500,21000,21500,22000,22500,23000,23500,24000,24500,25000,25500,26000,26500,27000,27500,28000,28500,29000,29500,30000,30500,31000,31500,32000,32500,33000,33500,34000,34500,35000,35500,36000,36500,37000,37500,38000,38500,39000,39500,40000,40500,41000,41500,42000,42500,43000,43500,44000,44500,45000,45500,46000,46500,47000,47500,48000,48500,49000,49500,50000,50500,51000,51500,52000,52500,53000,53500,54000,54500,55000,55500,56000,56500,57000,57500,58000,58500,59000,59500,60000,60500,61000,61500,62000,62500,63000,63500,64000,64500,65000,65500,66000,66500,67000,67500,68000,68500,69000,69500,70000,70500,71000,71500,72000,72500,73000,73500,74000,74500,75000,75500,76000,76500,77000,77500,78000,78500,79000,79500,80000,80500,81000,81500,82000,82500,83000,83500,84000,84500,85000,85500,86000,86500,87000,87500,88000,88500,89000,89500,90000,90500,91000,91500,92000,92500,93000,93500,94000,94500,95000,95500,96000,96500,97000,97500,98000,98500,99000,99500,100000],