{"0":{"x":[500,1000,1500,2000,2500,3000,3500,4000,4500,5000,5500,6000,6500,7000,7500,8000,8500,9000,9500,10000,10500,11000,11500,12000,12500,13000,13500,14000,14500,15000,15500,16000,16500,17000,17500,18000,18500,19000,19500,20000,20500,21000,21500,22000,22500,23000,23500,24000,24500,25000,25500,26000,26500,27000,27500,28000,28500,29000,29500,30000,30500,31000,31500,32000,32500,33000,33500,34000,34500,35000,35500,36000,36500,37000,37500,38000,38500,39000,39500,40000,40500,41000,41500,42000,42500,43000,43500,44000,44500,45000,45500,46000,46500,47000,47500,48000,48500,49000,49500,50000,50500,51000,51500,52000,52500,53000,53500,54000,54500,55000,55500,56000,56500,57000,57500,58000,58500,59000,59500,60000,60500,61000,61500,62000,62500,63000,63500,64000,64500,65000,65500,66000,66500,67000,67500,68000,68500,69000,69500,70000,70500,71000,71500,72000,72500,73000,73500,74000,74500,75000,75500,76000,76500,77000,77500,78000,78500,79000,79500,80000,80500,81000,81500,82000,82500,83000,83500,84000,84500,85000,85500,86000,86500,87000,87500,88000,88500,89000,89500,90000,90500,91000,91500,92000,92500,93000,93500,94000,94500,95000,95500,96000,96500,97000,97500,98000,98500,99000,99500,100000],"y":[0.320100002073,0.398000001848,0.443600000933,0.489200001866,0.544300000727,0.54680000186,0.588700000405,0.606600000381,0.603200000226,0.629800000429,0.630599999368,0.629099999964,0.619700000286,0.637799998999,0.646300000012,0.643000000417,0.659499999046,0.684900000095,0.699399999857,0.692900000691,0.690599999666,0.693199998677,0.701700000286,0.697100000203,0.698199999213,0.680299999118,0.673499999225,0.691599998772,0.698300000489,0.697300000668,0.69400000006,0.698699999392,0.694899999976,0.694699999571,0.68900000149,0.693699998975,0.695999999523,0.692199999034,0.66580000037,0.708700000107,0.70589999938,0.716199998915,0.704199999273,0.713000000238,0.697600000381,0.709099998415,0.701299999595,0.707899999022,0.70399999994,0.679899999857,0.706099999189,0.704999999642,0.691999998629,0.697999999642,0.695799998939,0.705100000143,0.70169999975,0.719200000525,0.724899999738,0.72139999938,0.706999999046,0.716700000226,0.710799999654,0.731099998236,0.713299999714,0.733000000715,0.717700000584,0.722599999785,0.725799999833,0.719600000739,0.701899998963,0.719100000679,0.717400000274,0.713800001264,0.715999999225,0.718399999499,0.721200000465,0.727499998987,0.71330000037,0.719300001025,0.727199999928,0.725100000322,0.720300002158,0.720100000679,0.724599999011,0.71580000031,0.724400001049,0.716900000036,0.718699999452,0.716,0.725100000322,0.715900000811,0.715799999595,0.712499999881,0.715899999797,0.710499999464,0.708499998927,0.707299999833,0.709399999559,0.716300001383,0.721399999082,0.71550000155,0.71290000093,0.704100001752,0.719099999964,0.715999999583,0.722799999475,0.718600000381,0.718199998975,0.711200000525,0.715100000143,0.716300000012,0.716300000012,0.717300000072,0.72210000217,0.712200000107,0.702900000632,0.707099999726,0.715899999559,0.716000000536,0.71270000124,0.718300000429,0.724700000286,0.718999999821,0.71719999975,0.716399999082,0.713000000834,0.715399998903,0.715200000167,0.714300000668,0.709899999976,0.718400000334,0.704400001168,0.722300000191,0.70979999876,0.72069999963,0.71600000006,0.709700000942,0.72049999994,0.711400000453,0.710399998963,0.717200000703,0.715500000238,0.717000001669,0.712900000393,0.712099999428,0.713499998569,0.714700000465,0.719000000656,0.717699998975,0.715999998271,0.717099998713,0.709499999166,0.71650000006,0.719600000918,0.71449999994,0.715799999535,0.715200001538,0.717100000322,0.71469999969,0.713799999714,0.709299999714,0.715699998498,0.720200000346,0.714499999106,0.712699998975,0.712099998653,0.713000000179,0.717900000334,0.720899999619,0.720199999869,0.717000000894,0.715900000393,0.721799999416,0.708500000834,0.711799998999,0.713999999642,0.717900001168,0.719500000477,0.718400001168,0.712200000763,0.715300000489,0.716599999309,0.711700000525,0.712800000966,0.721500001192,0.717100000083,0.717599999785,0.712999999464,0.716400000215,0.713000001132,0.721200000048,0.721899999976,0.718299999714,0.718200000167,0.72290000093,0.720999999762,0.71309999907,0.71940000087,0.716199999154]},"1":{"x":[500,1000,1500,2000,2500,3000,3500,4000,4500,5000,5500,6000,6500,7000,7500,8000,8500,9000,9500,10000,10500,11000,11500,12000,12500,13000,13500,14000,14500,15000,15500,16000,16500,17000,17500,18000,18500,19000,19500,20000,20500,21000,21500,22000,22500,23000,23500,24000,24500,25000,25500,26000,26500,27000,27500,28000,28500,29000,29500,30000,30500,31000,31500,32000,32500,33000,33500,34000,34500,35000,35500,36000,36500,37000,37500,38000,38500,39000,39500,40000,40500,41000,41500,42000,42500,43000,43500,44000,44500,45000,45500,46000,46500,47000,47500,48000,48500,49000,49500,50000,50500,51000,51500,52000,52500,53000,53500,54000,54500,55000,55500,56000,56500,57000,57500,58000,58500,59000,59500,60000,60500,61000,61500,62000,62500,63000,63500,64000,64500,65000,65500,66000,66500,67000,67500,68000,68500,69000,69500,70000,70500,71000,71500,72000,72500,73000,73500,74000,74500,75000,75500,76000,76500,77000,77500,78000,78500,79000,79500,80000,80500,81000,81500,82000,82500,83000,83500,84000,84500,85000,85500,86000,86500,87000,87500,88000,88500,89000,89500,90000,90500,91000,91500,92000,92500,93000,93500,94000,94500,95000,95500,96000,96500,97000,97500,98000,98500,99000,99500,100000],