{"0":{"x":[500,1000,1500,2000,2500,3000,3500,4000,4500,5000,5500,6000,6500,7000,7500,8000,8500,9000,9500,10000,10500,11000,11500,12000,12500,13000,13500,14000,14500,15000,15500,16000,16500,17000,17500,18000,18500,19000,19500,20000,20500,21000,21500,22000,22500,23000,23500,24000,24500,25000,25500,26000,26500,27000,27500,28000,28500,29000,29500,30000,30500,31000,31500,32000,32500,33000,33500,34000,34500,35000,35500,36000,36500,37000,37500,38000,38500,39000,39500,40000,40500,41000,41500,42000,42500,43000,43500,44000,44500,45000,45500,46000,46500,47000,47500,48000,48500,49000,49500,50000,50500,51000,51500,52000,52500,53000,53500,54000,54500,55000,55500,56000,56500,57000,57500,58000,58500,59000,59500,60000,60500,61000,61500,62000,62500,63000,63500,64000,64500,65000,65500,66000,66500,67000,67500,68000,68500,69000,69500,70000,70500,71000,71500,72000,72500,73000,73500,74000,74500,75000,75500,76000,76500,77000,77500,78000,78500,79000,79500,80000,80500,81000,81500,82000,82500,83000,83500,84000,84500,85000,85500,86000,86500,87000,87500,88000,88500,89000,89500,90000,90500,91000,91500,92000,92500,93000,93500,94000,94500,95000,95500,96000,96500,97000,97500,98000,98500,99000,99500,100000],"y":[0.361600002132,0.532000001132,0.625799999952,0.649999999166,0.690999999225,0.753500000238,0.764900000811,0.756800001204,0.805200001121,0.801800001919,0.805000003815,0.796500001788,0.816500001073,0.809400001049,0.807500000715,0.813800002098,0.801400002122,0.825099999547,0.822200003266,0.825500000834,0.818200000763,0.826900000095,0.829300001025,0.843400000691,0.846000000954,0.841700000167,0.840100000381,0.854300000668,0.849400000215,0.842599999905,0.845899999261,0.858999999642,0.853800000548,0.832200001717,0.822300000072,0.843700000286,0.829600001574,0.837400000215,0.858599999428,0.855899999261,0.851500000358,0.845399999857,0.849999999285,0.856699998975,0.851600000381,0.848600000501,0.836600001097,0.841400002718,0.866999998689,0.860599998474,0.870699998736,0.861599998355,0.855799999714,0.843000001073,0.854600000262,0.849099999905,0.873099998713,0.875899998426,0.867899999738,0.870099998713,0.854100000262,0.854099999905,0.86809999752,0.868499998927,0.87749999845,0.883399997354,0.877299997687,0.878499999642,0.880499998212,0.878399996877,0.878299997449,0.89429999578,0.881099997044,0.88149999702,0.887699996591,0.880699996948,0.887999996185,0.887199996591,0.890499996305,0.884499997735,0.883699996233,0.885399998426,0.892899996042,0.887699996829,0.888999997497,0.887099996805,0.885399997711,0.884899997234,0.882599996805,0.887299996972,0.881899997115,0.88799999702,0.873999998093,0.879399997115,0.879799998283,0.882399996877,0.87819999814,0.889399994731,0.883499996543,0.885599997282,0.881199997067,0.882699998021,0.886999997497,0.889699996829,0.8883999964,0.886199996352,0.887099997282,0.886399996042,0.889999996543,0.887799997091,0.891299996972,0.892999995828,0.890599995852,0.886199996352,0.889299996495,0.893599995375,0.892199995875,0.887899996042,0.887899998069,0.891299995899,0.895899996758,0.890899995565,0.889099997044,0.897099996209,0.893199996471,0.892899996638,0.894099995017,0.885699997425,0.895699996233,0.892999997377,0.896899996042,0.896399994969,0.896499996066,0.890599997044,0.892899995208,0.890999996305,0.891899995208,0.890099996567,0.890399997234,0.888799997449,0.897899995923,0.888899996519,0.887799997687,0.887899997115,0.895699995399,0.889299995661,0.895499995351,0.887999995708,0.894199996114,0.899699994683,0.893599995255,0.896099997282,0.892099996924,0.896499997139,0.892999995828,0.889899996638,0.890199996233,0.889499996662,0.886499995708,0.892099996328,0.897999997616,0.89829999423,0.892499995708,0.892199995995,0.892299996853,0.894799994946,0.892799996018,0.896799995184,0.888799997211,0.892299997091,0.894699996114,0.8913999964,0.891099996567,0.892099996328,0.8968999964,0.895099996686,0.895699994802,0.895499995947,0.894599995971,0.895099995971,0.894999995112,0.898099996209,0.899099994898,0.892899997354,0.895599995017,0.89549999547,0.892499995947,0.894299996018,0.894299996495,0.890999995708,0.894099994779,0.89569999671,0.897599996567,0.897299996376,0.896499996424,0.898199995637,0.893899996638,0.894899994969,0.894399996161,0.889199996948]},"1":{"x":[500,1000,1500,2000,2500,3000,3500,4000,4500,5000,5500,6000,6500,7000,7500,8000,8500,9000,9500,10000,10500,11000,11500,12000,12500,13000,13500,14000,14500,15000,15500,16000,16500,17000,17500,18000,18500,19000,19500,20000,20500,21000,21500,22000,22500,23000,23500,24000,24500,25000,25500,26000,26500,27000,27500,28000,28500,29000,29500,30000,30500,31000,31500,32000,32500,33000,33500,34000,34500,35000,35500,36000,36500,37000,37500,38000,38500,39000,39500,40000,40500,41000,41500,42000,42500,43000,43500,44000,44500,45000,45500,46000,46500,47000,47500,48000,48500,49000,49500,50000,50500,51000,51500,52000,52500,53000,53500,54000,54500,55000,55500,56000,56500,57000,57500,58000,58500,59000,59500,60000,60500,61000,61500,62000,62500,63000,63500,64000,64500,65000,65500,66000,66500,67000,67500,68000,68500,69000,69500,70000,70500,71000,71500,72000,72500,73000,73500,74000,74500,75000,75500,76000,76500,77000,77500,78000,78500,79000,79500,80000,80500,81000,81500,82000,82500,83000,83500,84000,84500,85000,85500,86000,86500,87000,87500,88000,88500,89000,89500,90000,90500,91000,91500,92000,92500,93000,93500,94000,94500,95000,95500,96000,96500,97000,97500,98000,98500,99000,99500,100000],