{"0":{"x":[500,1000,1500,2000,2500,3000,3500,4000,4500,5000,5500,6000,6500,7000,7500,8000,8500,9000,9500,10000,10500,11000,11500,12000,12500,13000,13500,14000,14500,15000,15500,16000,16500,17000,17500,18000,18500,19000,19500,20000,20500,21000,21500,22000,22500,23000,23500,24000,24500,25000,25500,26000,26500,27000,27500,28000,28500,29000,29500,30000,30500,31000,31500,32000,32500,33000,33500,34000,34500,35000,35500,36000,36500,37000,37500,38000,38500,39000,39500,40000,40500,41000,41500,42000,42500,43000,43500,44000,44500,45000,45500,46000,46500,47000,47500,48000,48500,49000,49500,50000,50500,51000,51500,52000,52500,53000,53500,54000,54500,55000,55500,56000,56500,57000,57500,58000,58500,59000,59500,60000,60500,61000,61500,62000,62500,63000,63500,64000,64500,65000,65500,66000,66500,67000,67500,68000,68500,69000,69500,70000,70500,71000,71500,72000,72500,73000,73500,74000,74500,75000,75500,76000,76500,77000,77500,78000,78500,79000,79500,80000,80500,81000,81500,82000,82500,83000,83500,84000,84500,85000,85500,86000,86500,87000,87500,88000,88500,89000,89500,90000,90500,91000,91500,92000,92500,93000,93500,94000,94500,95000,95500,96000,96500,97000,97500,98000,98500,99000,99500,100000],"y":[0.430000000283,0.469700001538,0.499700001806,0.602500000596,0.66339999944,0.717399999619,0.79810000217,0.833500001311,0.843399999857,0.849699999452,0.856299999118,0.81490000248,0.843000000834,0.864299998403,0.861199999809,0.885099998593,0.875699997783,0.861599998474,0.857800000429,0.884499997616,0.874399998188,0.878399998307,0.896599995852,0.893599996686,0.890299996614,0.902199995637,0.905999995232,0.907099994302,0.905799995542,0.902099995136,0.914499993443,0.91459999454,0.896799995065,0.894699997187,0.904499994397,0.885499997258,0.910899993896,0.901799994469,0.908799995542,0.918099994063,0.912299994349,0.924599993825,0.922999992967,0.91769999516,0.922399992466,0.928099993229,0.933499992371,0.93149999249,0.91559999311,0.929699992537,0.93419999361,0.933799992919,0.940999993443,0.930799993515,0.929799994111,0.943499993443,0.927099993706,0.93939999342,0.9348999933,0.937999993324,0.94149999249,0.941099993229,0.942799993157,0.943399992585,0.94199999249,0.941499992847,0.936799992085,0.935999992132,0.937299992681,0.936299993634,0.942899991751,0.942199993014,0.941199992537,0.943399993539,0.944099992633,0.943199992299,0.941699993372,0.942899992228,0.945699992657,0.939499993086,0.946299992323,0.948199992895,0.942499992847,0.945999992371,0.945099992514,0.946499992132,0.945199992537,0.945199992299,0.943599992156,0.94559999299,0.950599992633,0.948899991989,0.946699992657,0.94669999218,0.942899993658,0.944399991632,0.945099992633,0.946399993062,0.945299993396,0.944399991632,0.94589999187,0.946299992681,0.945899992347,0.945799992681,0.949499992132,0.944399992228,0.945099991798,0.952199992418,0.951199993491,0.950999992251,0.948499992967,0.952999992371,0.949799993396,0.949099991679,0.948499992967,0.950399993181,0.946999991179,0.948599992156,0.946699992776,0.948399992108,0.946999993324,0.948499992251,0.951599993229,0.953599993229,0.950399993181,0.947199992299,0.948599991918,0.948199993134,0.948599992514,0.945499991775,0.952999992847,0.950199992537,0.95049999249,0.950999992609,0.9548999933,0.954099992752,0.952799992919,0.954099992275,0.953299993157,0.954099992633,0.954199993372,0.952499991894,0.954499993205,0.951399992943,0.954699992895,0.9542999928,0.953899992228,0.955499993205,0.952099992156,0.95659999299,0.956499992013,0.951599992871,0.952099991679,0.950799992323,0.954999992847,0.954499993563,0.954599993348,0.955599992633,0.952699993491,0.952299993038,0.955599993229,0.955099991918,0.955399992585,0.953299992681,0.954899993181,0.955199993491,0.954199992537,0.956199992299,0.955499992371,0.955599992514,0.954599992037,0.953299991608,0.953699992299,0.953699992061,0.955899992704,0.954999992728,0.953099992275,0.953699992418,0.954499993086,0.954599992514,0.952799992681,0.953899992943,0.955099993706,0.956299993515,0.951399993062,0.956499993801,0.9522999928,0.952899993062,0.95449999392,0.952699991941,0.95339999342,0.954799992085,0.955599993467,0.956599992752,0.954099992514,0.954999992847,0.953199991941,0.954199992895,0.953799992442,0.955399992943]},"1":{"x":[500,1000,1500,2000,2500,3000,3500,4000,4500,5000,5500,6000,6500,7000,7500,8000,8500,9000,9500,10000,10500,11000,11500,12000,12500,13000,13500,14000,14500,15000,15500,16000,16500,17000,17500,18000,18500,19000,19500,20000,20500,21000,21500,22000,22500,23000,23500,24000,24500,25000,25500,26000,26500,27000,27500,28000,28500,29000,29500,30000,30500,31000,31500,32000,32500,33000,33500,34000,34500,35000,35500,36000,36500,37000,37500,38000,38500,39000,39500,40000,40500,41000,41500,42000,42500,43000,43500,44000,44500,45000,45500,46000,46500,47000,47500,48000,48500,49000,49500,50000,50500,51000,51500,52000,52500,53000,53500,54000,54500,55000,55500,56000,56500,57000,57500,58000,58500,59000,59500,60000,60500,61000,61500,62000,62500,63000,63500,64000,64500,65000,65500,66000,66500,67000,67500,68000,68500,69000,69500,70000,70500,71000,71500,72000,72500,73000,73500,74000,74500,75000,75500,76000,76500,77000,77500,78000,78500,79000,79500,80000,80500,81000,81500,82000,82500,83000,83500,84000,84500,85000,85500,86000,86500,87000,87500,88000,88500,89000,89500,90000,90500,91000,91500,92000,92500,93000,93500,94000,94500,95000,95500,96000,96500,97000,97500,98000,98500,99000,99500,100000],