{"0":{"x":[500,1000,1500,2000,2500,3000,3500,4000,4500,5000,5500,6000,6500,7000,7500,8000,8500,9000,9500,10000,10500,11000,11500,12000,12500,13000,13500,14000,14500,15000,15500,16000,16500,17000,17500,18000,18500,19000,19500,20000,20500,21000,21500,22000,22500,23000,23500,24000,24500,25000,25500,26000,26500,27000,27500,28000,28500,29000,29500,30000,30500,31000,31500,32000,32500,33000,33500,34000,34500,35000,35500,36000,36500,37000,37500,38000,38500,39000,39500,40000,40500,41000,41500,42000,42500,43000,43500,44000,44500,45000,45500,46000,46500,47000,47500,48000,48500,49000,49500,50000,50500,51000,51500,52000,52500,53000,53500,54000,54500,55000,55500,56000,56500,57000,57500,58000,58500,59000,59500,60000,60500,61000,61500,62000,62500,63000,63500,64000,64500,65000,65500,66000,66500,67000,67500,68000,68500,69000,69500,70000,70500,71000,71500,72000,72500,73000,73500,74000,74500,75000,75500,76000,76500,77000,77500,78000,78500,79000,79500,80000,80500,81000,81500,82000,82500,83000,83500,84000,84500,85000,85500,86000,86500,87000,87500,88000,88500,89000,89500,90000,90500,91000,91500,92000,92500,93000,93500,94000,94500,95000,95500,96000,96500,97000,97500,98000,98500,99000,99500,100000],"y":[0.273100002639,0.347200001881,0.364700001441,0.414900001392,0.492600001007,0.491000002116,0.529100001067,0.523600001007,0.515100001961,0.513300000966,0.513900001854,0.49960000208,0.497200000912,0.525300000519,0.497600000858,0.524200001359,0.549800001353,0.487500000834,0.551000001788,0.507500001818,0.526600000709,0.519800000757,0.517100001007,0.528600001961,0.539100001067,0.543400001019,0.508700001568,0.520700002015,0.544600000083,0.554400000662,0.556100001574,0.569900001526,0.575600001395,0.571200001836,0.591199999452,0.545800001085,0.576800000191,0.582499999583,0.575100001127,0.594100001276,0.565399999857,0.591100000173,0.589800001055,0.619699999869,0.590199999809,0.606099999905,0.594200001389,0.612200000286,0.63580000186,0.630700000167,0.632500000238,0.622099999189,0.631099999964,0.64510000205,0.598900000811,0.643599999547,0.654799999297,0.639999998629,0.646700001538,0.64110000056,0.660399999619,0.657199999392,0.668500000417,0.648599999905,0.647300001502,0.624900000662,0.655600000024,0.656099999487,0.656800000131,0.637100000143,0.654699998558,0.641800000429,0.673999999642,0.65419999969,0.667100000381,0.655700000346,0.665299999595,0.642099999666,0.652400000513,0.664199999988,0.670699999392,0.667199998498,0.678299999297,0.675600000381,0.687900000393,0.681199998736,0.683400000215,0.684300000727,0.69569999975,0.675999999762,0.676299999058,0.667099999487,0.681900000155,0.677299998164,0.671700000346,0.688699999392,0.699599999964,0.690299999595,0.679799999356,0.684300001621,0.690899999022,0.680399999022,0.680200000823,0.69909999907,0.689699998498,0.685400000215,0.700300000072,0.693599999249,0.700899999559,0.701100000203,0.697599998951,0.711299998522,0.691499999762,0.693199999869,0.702800000429,0.703200000525,0.700700000525,0.705899999619,0.708099999547,0.712600000978,0.70259999913,0.709299998999,0.708600000381,0.713800000072,0.700099999309,0.70819999975,0.711900000393,0.703300000429,0.700200000882,0.691999999762,0.709199998915,0.711399999917,0.713400001228,0.719399999559,0.708699998796,0.710999999702,0.717100000203,0.711300000072,0.702099999487,0.716599998474,0.719699999809,0.713099999487,0.713799999893,0.705900000155,0.713400000334,0.703800000489,0.709799999952,0.719799999893,0.709199999809,0.712699999034,0.706900000215,0.709900000036,0.70980000037,0.71389999938,0.70890000093,0.707000001192,0.700799998522,0.706599999309,0.712699999869,0.721899998903,0.711500000119,0.720000000298,0.708899998903,0.713600001156,0.714599999964,0.715899999797,0.714400000155,0.710999999344,0.713900000393,0.704399999976,0.710700000465,0.707300000191,0.714600000083,0.712799999595,0.711500000477,0.72000000006,0.714900000691,0.71540000093,0.713299998999,0.717400000393,0.716799999535,0.711500001252,0.709700000942,0.712099999964,0.716100000799,0.722199999332,0.712100000203,0.715099999726,0.723599999428,0.719100000083,0.711599999309,0.716299999237,0.715300001264,0.70919999963,0.713799999416,0.718899999857,0.71719999969,0.709999999464,0.714999999762,0.717799998939]},"1":{"x":[500,1000,1500,2000,2500,3000,3500,4000,4500,5000,5500,6000,6500,7000,7500,8000,8500,9000,9500,10000,10500,11000,11500,12000,12500,13000,13500,14000,14500,15000,15500,16000,16500,17000,17500,18000,18500,19000,19500,20000,20500,21000,21500,22000,22500,23000,23500,24000,24500,25000,25500,26000,26500,27000,27500,28000,28500,29000,29500,30000,30500,31000,31500,32000,32500,33000,33500,34000,34500,35000,35500,36000,36500,37000,37500,38000,38500,39000,39500,40000,40500,41000,41500,42000,42500,43000,43500,44000,44500,45000,45500,46000,46500,47000,47500,48000,48500,49000,49500,50000,50500,51000,51500,52000,52500,53000,53500,54000,54500,55000,55500,56000,56500,57000,57500,58000,58500,59000,59500,60000,60500,61000,61500,62000,62500,63000,63500,64000,64500,65000,65500,66000,66500,67000,67500,68000,68500,69000,69500,70000,70500,71000,71500,72000,72500,73000,73500,74000,74500,75000,75500,76000,76500,77000,77500,78000,78500,79000,79500,80000,80500,81000,81500,82000,82500,83000,83500,84000,84500,85000,85500,86000,86500,87000,87500,88000,88500,89000,89500,90000,90500,91000,91500,92000,92500,93000,93500,94000,94500,95000,95500,96000,96500,97000,97500,98000,98500,99000,99500,100000],