{"0":{"x":[500,1000,1500,2000,2500,3000,3500,4000,4500,5000,5500,6000,6500,7000,7500,8000,8500,9000,9500,10000,10500,11000,11500,12000,12500,13000,13500,14000,14500,15000,15500,16000,16500,17000,17500,18000,18500,19000,19500,20000,20500,21000,21500,22000,22500,23000,23500,24000,24500,25000,25500,26000,26500,27000,27500,28000,28500,29000,29500,30000,30500,31000,31500,32000,32500,33000,33500,34000,34500,35000,35500,36000,36500,37000,37500,38000,38500,39000,39500,40000,40500,41000,41500,42000,42500,43000,43500,44000,44500,45000,45500,46000,46500,47000,47500,48000,48500,49000,49500,50000,50500,51000,51500,52000,52500,53000,53500,54000,54500,55000,55500,56000,56500,57000,57500,58000,58500,59000,59500,60000,60500,61000,61500,62000,62500,63000,63500,64000,64500,65000,65500,66000,66500,67000,67500,68000,68500,69000,69500,70000,70500,71000,71500,72000,72500,73000,73500,74000,74500,75000,75500,76000,76500,77000,77500,78000,78500,79000,79500,80000,80500,81000,81500,82000,82500,83000,83500,84000,84500,85000,85500,86000,86500,87000,87500,88000,88500,89000,89500,90000,90500,91000,91500,92000,92500,93000,93500,94000,94500,95000,95500,96000,96500,97000,97500,98000,98500,99000,99500,100000],"y":[0.260600003123,0.347700001702,0.497900000036,0.537600001514,0.528000000715,0.55990000087,0.587700002134,0.605800002158,0.610500002384,0.612700001478,0.625899999321,0.651400000274,0.662099999368,0.6625,0.700499998987,0.699999998868,0.729800001144,0.718700001001,0.727899999797,0.742800000608,0.726000000119,0.766900000691,0.768499999881,0.768100002706,0.774700001955,0.796200000048,0.798200002432,0.787000001192,0.800600000739,0.80960000205,0.816400000453,0.814200002074,0.821900001407,0.825900002241,0.832600001097,0.82650000155,0.851100000978,0.856799999952,0.867100000262,0.864499998331,0.875099997997,0.850500001907,0.849399999738,0.865599999309,0.863299999475,0.858499999285,0.851100000262,0.847199999571,0.86859999907,0.886199996114,0.875399997592,0.877999997377,0.88729999733,0.87139999783,0.86759999907,0.866899998665,0.879399998069,0.894799995303,0.892199995279,0.887699996829,0.873599998713,0.891399995923,0.886199994922,0.889499996424,0.895599996805,0.90479999578,0.890499997497,0.888899996161,0.884099997759,0.896799996734,0.900099994421,0.895699996233,0.901499994874,0.88209999752,0.89319999671,0.897399996519,0.895999995589,0.900299995184,0.902599995017,0.896599995852,0.904899994493,0.903199995637,0.899299995065,0.896699995399,0.897099995852,0.902499994516,0.902999994993,0.903799993753,0.912999994278,0.904199995399,0.91179999423,0.908899994731,0.91019999516,0.905999995947,0.908299993753,0.901799995184,0.897299996257,0.907999993682,0.906199995399,0.90209999454,0.904499994874,0.911699994445,0.907999996305,0.915899994016,0.907299994349,0.914599994421,0.911499994397,0.90559999454,0.915799994826,0.910699994206,0.912299994588,0.911199994206,0.9178999933,0.916299994469,0.914399995089,0.914699993253,0.916599994421,0.918899993896,0.91619999516,0.91459999299,0.915999994874,0.915799994588,0.917299994707,0.919699992895,0.920899993062,0.918099993706,0.920499993563,0.920599993348,0.923699993968,0.917799993277,0.920099994779,0.92379999423,0.918999994397,0.922199994445,0.925199994206,0.925899992824,0.922699993968,0.924399993777,0.926399991751,0.924399993181,0.921699994206,0.925699992776,0.925099992037,0.920399993539,0.923799993873,0.926399991274,0.919599993229,0.928799993396,0.924699993253,0.926399992466,0.925499993324,0.924999992609,0.930699993849,0.925499994397,0.925499993324,0.926099994063,0.925399992824,0.927599994779,0.925099993229,0.923299992919,0.923799994111,0.930299992442,0.9277999928,0.926399993062,0.926899992347,0.925899994612,0.925599993825,0.927599994302,0.931399993062,0.927099993348,0.922999993682,0.920499993086,0.92409999299,0.92359999311,0.927299992085,0.924999993682,0.927499991775,0.922999992371,0.9253999933,0.926199992299,0.928999992967,0.927899992824,0.92699999404,0.927199993253,0.926999993086,0.924799992442,0.927899993658,0.930499992371,0.929399993658,0.925799994111,0.926499994278,0.925099992633,0.926199992895,0.9278999933,0.929499992728,0.925599993706,0.928999994159,0.923799993753,0.925399993896,0.930899992108]},"1":{"x":[500,1000,1500,2000,2500,3000,3500,4000,4500,5000,5500,6000,6500,7000,7500,8000,8500,9000,9500,10000,10500,11000,11500,12000,12500,13000,13500,14000,14500,15000,15500,16000,16500,17000,17500,18000,18500,19000,19500,20000,20500,21000,21500,22000,22500,23000,23500,24000,24500,25000,25500,26000,26500,27000,27500,28000,28500,29000,29500,30000,30500,31000,31500,32000,32500,33000,33500,34000,34500,35000,35500,36000,36500,37000,37500,38000,38500,39000,39500,40000,40500,41000,41500,42000,42500,43000,43500,44000,44500,45000,45500,46000,46500,47000,47500,48000,48500,49000,49500,50000,50500,51000,51500,52000,52500,53000,53500,54000,54500,55000,55500,56000,56500,57000,57500,58000,58500,59000,59500,60000,60500,61000,61500,62000,62500,63000,63500,64000,64500,65000,65500,66000,66500,67000,67500,68000,68500,69000,69500,70000,70500,71000,71500,72000,72500,73000,73500,74000,74500,75000,75500,76000,76500,77000,77500,78000,78500,79000,79500,80000,80500,81000,81500,82000,82500,83000,83500,84000,84500,85000,85500,86000,86500,87000,87500,88000,88500,89000,89500,90000,90500,91000,91500,92000,92500,93000,93500,94000,94500,95000,95500,96000,96500,97000,97500,98000,98500,99000,99500,100000],