{"0":{"x":[500,1000,1500,2000,2500,3000,3500,4000,4500,5000,5500,6000,6500,7000,7500,8000,8500,9000,9500,10000,10500,11000,11500,12000,12500,13000,13500,14000,14500,15000,15500,16000,16500,17000,17500,18000,18500,19000,19500,20000,20500,21000,21500,22000,22500,23000,23500,24000,24500,25000,25500,26000,26500,27000,27500,28000,28500,29000,29500,30000,30500,31000,31500,32000,32500,33000,33500,34000,34500,35000,35500,36000,36500,37000,37500,38000,38500,39000,39500,40000,40500,41000,41500,42000,42500,43000,43500,44000,44500,45000,45500,46000,46500,47000,47500,48000,48500,49000,49500,50000,50500,51000,51500,52000,52500,53000,53500,54000,54500,55000,55500,56000,56500,57000,57500,58000,58500,59000,59500,60000,60500,61000,61500,62000,62500,63000,63500,64000,64500,65000,65500,66000,66500,67000,67500,68000,68500,69000,69500,70000,70500,71000,71500,72000,72500,73000,73500,74000,74500,75000,75500,76000,76500,77000,77500,78000,78500,79000,79500,80000,80500,81000,81500,82000,82500,83000,83500,84000,84500,85000,85500,86000,86500,87000,87500,88000,88500,89000,89500,90000,90500,91000,91500,92000,92500,93000,93500,94000,94500,95000,95500,96000,96500,97000,97500,98000,98500,99000,99500,100000],"y":[0.411500001401,0.494800000995,0.625500000894,0.63819999963,0.657699999094,0.743100001872,0.803700001359,0.81630000174,0.80380000174,0.813300001264,0.835400000572,0.851599999845,0.873899997592,0.880899997234,0.89099999702,0.888899995208,0.89079999578,0.910299994707,0.906499994993,0.906299994349,0.904599994898,0.904699995995,0.922599994421,0.917999993563,0.923799992919,0.921399993777,0.92419999218,0.92119999361,0.930699992895,0.9288999933,0.931299994111,0.940699992657,0.923899993777,0.935999991059,0.933099992514,0.934699991703,0.936599991918,0.934699992776,0.920699993253,0.928499992371,0.930299993515,0.936499993563,0.944399991751,0.939499993086,0.948199992537,0.941199993014,0.945899992704,0.945599992633,0.9523999933,0.942699992299,0.94959999311,0.954199993253,0.954199992299,0.9472999928,0.944799993277,0.953199992895,0.952699992657,0.953199992657,0.953299993992,0.949899991632,0.953499992847,0.953399992466,0.955299992561,0.956199992895,0.955499992728,0.956699992776,0.9577999928,0.952999992967,0.955299991965,0.954899993181,0.953899992347,0.959199993253,0.95989999342,0.956099993229,0.955199993134,0.958999992371,0.958699992895,0.959099992752,0.960099992871,0.959599992394,0.961099993467,0.959899993181,0.959299992681,0.960899992704,0.962799992919,0.958699993372,0.960899992466,0.960799993157,0.962699993014,0.967199993491,0.961899993062,0.964699993849,0.961799992323,0.961899992585,0.959899992704,0.96339999342,0.960499993205,0.964499993801,0.96219999373,0.960799993038,0.96189999342,0.963299993992,0.96539999342,0.963299993277,0.963099993587,0.966099993944,0.965099993229,0.963399993658,0.966899994493,0.965499993443,0.966499993801,0.965199994326,0.9658999933,0.963499993443,0.967299994111,0.966099993587,0.965699993372,0.965199993253,0.965599993229,0.967099993229,0.96669999373,0.967099993944,0.967599993587,0.966699994206,0.966499993324,0.966399993896,0.968899994612,0.970999994397,0.966699993491,0.967899993181,0.968099993587,0.96749999404,0.968799993753,0.968199994206,0.967799994469,0.967699993849,0.968799994111,0.969199994206,0.965099993229,0.966199993968,0.96849999392,0.967599993229,0.969999993682,0.967599994063,0.968199993491,0.967899994493,0.966799993992,0.968199993968,0.969599994063,0.969799993992,0.964999993086,0.968799994349,0.966599993587,0.967999993682,0.970199994683,0.964999993801,0.969899994373,0.96669999373,0.969299993634,0.966099993467,0.968599994302,0.967099993467,0.969599993706,0.969999993563,0.969299994588,0.970699994087,0.968999993682,0.967099993587,0.968999994159,0.969199993849,0.96919999373,0.96969999361,0.965699993849,0.968299994111,0.969599994063,0.969699994445,0.969999994516,0.970599993944,0.967099993229,0.970599994063,0.969299993873,0.96849999404,0.967899993181,0.968799994111,0.969399993181,0.969599993825,0.96729999423,0.969599993825,0.970399994373,0.967999993563,0.970299993992,0.968499993801,0.969599994302,0.971099994183,0.969599993706,0.968799993753,0.97099999404,0.969699993849,0.970099994302,0.969499993682]},"1":{"x":[500,1000,1500,2000,2500,3000,3500,4000,4500,5000,5500,6000,6500,7000,7500,8000,8500,9000,9500,10000,10500,11000,11500,12000,12500,13000,13500,14000,14500,15000,15500,16000,16500,17000,17500,18000,18500,19000,19500,20000,20500,21000,21500,22000,22500,23000,23500,24000,24500,25000,25500,26000,26500,27000,27500,28000,28500,29000,29500,30000,30500,31000,31500,32000,32500,33000,33500,34000,34500,35000,35500,36000,36500,37000,37500,38000,38500,39000,39500,40000,40500,41000,41500,42000,42500,43000,43500,44000,44500,45000,45500,46000,46500,47000,47500,48000,48500,49000,49500,50000,50500,51000,51500,52000,52500,53000,53500,54000,54500,55000,55500,56000,56500,57000,57500,58000,58500,59000,59500,60000,60500,61000,61500,62000,62500,63000,63500,64000,64500,65000,65500,66000,66500,67000,67500,68000,68500,69000,69500,70000,70500,71000,71500,72000,72500,73000,73500,74000,74500,75000,75500,76000,76500,77000,77500,78000,78500,79000,79500,80000,80500,81000,81500,82000,82500,83000,83500,84000,84500,85000,85500,86000,86500,87000,87500,88000,88500,89000,89500,90000,90500,91000,91500,92000,92500,93000,93500,94000,94500,95000,95500,96000,96500,97000,97500,98000,98500,99000,99500,100000],